arm,in_degree,dag_idx,n_nodes,sample_size,n_fit,alpha,card,seed,hidden_dims,activation,lr,weight_decay,n_epochs,patience,val_loss,fit_time_s,stored_params,memory_bytes,stop_epoch_mean,frac_at_ceiling
nn_linear,2,1,20,600,480,0.5,2,552933793,[],linear,0.001,0.0001,200,20,10.179719522595406,25.141868999999133,190,1520,164.95,0.55
nn_32,2,1,20,600,480,0.5,2,552933793,[32],ReLU,0.001,0.0001,200,20,9.411479353904724,19.762582599999405,4360,34880,96.5,0.05
nn_64_32,2,1,20,600,480,0.5,2,552933793,"[64, 32]",ReLU,0.001,0.0001,200,20,9.383314609527588,13.495858700000099,49000,392000,53.55,0.0
nn_128_64,2,1,20,600,480,0.5,2,552933793,"[128, 64]",ReLU,0.001,0.0001,200,20,9.370820730924606,10.722443399999975,179880,1439040,42.5,0.0
nn_32_nowd,2,1,20,600,480,0.5,2,552933793,[32],ReLU,0.001,0.0,200,20,9.408714145421982,20.27203709999958,4360,34880,102.55,0.1
nn_32_lr3e3,2,1,20,600,480,0.5,2,552933793,[32],ReLU,0.003,0.0001,200,20,9.376647636294365,11.686777100000654,4360,34880,57.25,0.0
nn_32_long,2,1,20,600,480,0.5,2,552933793,[32],ReLU,0.001,0.0001,1000,50,9.401892080903053,32.142326299999695,4360,34880,153.55,0.0
nn_linear,2,1,20,1400,1120,0.5,2,552933793,[],linear,0.001,0.0001,200,20,10.102897986769676,41.78660299999956,190,1520,126.75,0.35
nn_32,2,1,20,1400,1120,0.5,2,552933793,[32],ReLU,0.001,0.0001,200,20,9.343494772911072,30.270931899999596,4360,34880,70.5,0.0
nn_64_32,2,1,20,1400,1120,0.5,2,552933793,"[64, 32]",ReLU,0.001,0.0001,200,20,9.331595733761787,25.901258400000188,49000,392000,49.0,0.0
nn_128_64,2,1,20,1400,1120,0.5,2,552933793,"[128, 64]",ReLU,0.001,0.0001,200,20,9.320861801505089,22.151764100000037,179880,1439040,41.8,0.0
nn_32_nowd,2,1,20,1400,1120,0.5,2,552933793,[32],ReLU,0.001,0.0,200,20,9.338552042841911,31.13358049999988,4360,34880,74.85,0.0
nn_32_lr3e3,2,1,20,1400,1120,0.5,2,552933793,[32],ReLU,0.003,0.0001,200,20,9.323898077011108,20.91172009999991,4360,34880,48.2,0.0
nn_32_long,2,1,20,1400,1120,0.5,2,552933793,[32],ReLU,0.001,0.0001,1000,50,9.336550012230873,56.32066120000036,4360,34880,132.6,0.0
nn_linear,2,2,20,600,480,0.5,2,3401075836,[],linear,0.001,0.0001,200,20,10.093658372759819,24.28744149999966,190,1520,160.7,0.5
nn_32,2,2,20,600,480,0.5,2,3401075836,[32],ReLU,0.001,0.0001,200,20,8.903694100677967,21.11836940000012,4360,34880,104.3,0.1
nn_64_32,2,2,20,600,480,0.5,2,3401075836,"[64, 32]",ReLU,0.001,0.0001,200,20,8.88591568917036,14.814285700000255,49000,392000,58.6,0.0
nn_128_64,2,2,20,600,480,0.5,2,3401075836,"[128, 64]",ReLU,0.001,0.0001,200,20,8.870816521346569,13.147902100000465,179880,1439040,51.55,0.0
nn_32_nowd,2,2,20,600,480,0.5,2,3401075836,[32],ReLU,0.001,0.0,200,20,8.903897106647491,20.1947868999996,4360,34880,101.75,0.1
nn_32_lr3e3,2,2,20,600,480,0.5,2,3401075836,[32],ReLU,0.003,0.0001,200,20,8.881486013531685,13.299015199999303,4360,34880,64.7,0.05
nn_32_long,2,2,20,600,480,0.5,2,3401075836,[32],ReLU,0.001,0.0001,1000,50,8.888746611773968,40.563264600000366,4360,34880,203.55,0.0
nn_linear,2,2,20,1400,1120,0.5,2,3401075836,[],linear,0.001,0.0001,200,20,9.759644076228142,36.96066210000026,190,1520,117.7,0.3
nn_32,2,2,20,1400,1120,0.5,2,3401075836,[32],ReLU,0.001,0.0001,200,20,8.967126123607159,28.400778799999898,4360,34880,66.0,0.0
nn_64_32,2,2,20,1400,1120,0.5,2,3401075836,"[64, 32]",ReLU,0.001,0.0001,200,20,8.954115450382233,21.929513300000508,49000,392000,41.35,0.0
nn_128_64,2,2,20,1400,1120,0.5,2,3401075836,"[128, 64]",ReLU,0.001,0.0001,200,20,8.944928616285324,19.37383509999927,179880,1439040,36.4,0.0
nn_32_nowd,2,2,20,1400,1120,0.5,2,3401075836,[32],ReLU,0.001,0.0,200,20,8.968201830983162,28.292867699999988,4360,34880,67.25,0.0
nn_32_lr3e3,2,2,20,1400,1120,0.5,2,3401075836,[32],ReLU,0.003,0.0001,200,20,8.957299813628197,19.785261099999843,4360,34880,46.25,0.0
nn_32_long,2,2,20,1400,1120,0.5,2,3401075836,[32],ReLU,0.001,0.0001,1000,50,8.963242270052433,49.947767299999214,4360,34880,116.1,0.0
nn_linear,2,3,20,600,480,0.5,2,2764026245,[],linear,0.001,0.0001,200,20,5.564220692962408,27.592588499999692,190,1520,181.4,0.8
nn_32,2,3,20,600,480,0.5,2,2764026245,[32],ReLU,0.001,0.0001,200,20,5.0103736063610995,21.99168340000051,4360,34880,106.65,0.15
nn_64_32,2,3,20,600,480,0.5,2,2764026245,"[64, 32]",ReLU,0.001,0.0001,200,20,4.984106329073256,17.720654199998535,49000,392000,69.4,0.0
nn_128_64,2,3,20,600,480,0.5,2,2764026245,"[128, 64]",ReLU,0.001,0.0001,200,20,4.970936201960285,14.468251999998756,179880,1439040,56.75,0.0
nn_32_nowd,2,3,20,600,480,0.5,2,2764026245,[32],ReLU,0.001,0.0,200,20,5.0120054524886655,23.64604970000073,4360,34880,116.3,0.2
nn_32_lr3e3,2,3,20,600,480,0.5,2,2764026245,[32],ReLU,0.003,0.0001,200,20,4.986887126578949,14.870164099998874,4360,34880,72.05,0.05
nn_32_long,2,3,20,600,480,0.5,2,2764026245,[32],ReLU,0.001,0.0001,1000,50,5.003304234385723,41.34051619999991,4360,34880,199.4,0.0
nn_linear,2,3,20,1400,1120,0.5,2,2764026245,[],linear,0.001,0.0001,200,20,5.182614310644567,56.57992100000047,190,1520,178.0,0.7
nn_32,2,3,20,1400,1120,0.5,2,2764026245,[32],ReLU,0.001,0.0001,200,20,5.07013944897335,36.552600499999244,4360,34880,84.65,0.05
nn_64_32,2,3,20,1400,1120,0.5,2,2764026245,"[64, 32]",ReLU,0.001,0.0001,200,20,5.047236648970284,28.95244939999975,49000,392000,54.35,0.0
nn_128_64,2,3,20,1400,1120,0.5,2,2764026245,"[128, 64]",ReLU,0.001,0.0001,200,20,5.040071409661323,25.22041149999859,179880,1439040,46.8,0.0
nn_32_nowd,2,3,20,1400,1120,0.5,2,2764026245,[32],ReLU,0.001,0.0,200,20,5.071072543389164,37.31781140000021,4360,34880,88.45,0.05
nn_32_lr3e3,2,3,20,1400,1120,0.5,2,2764026245,[32],ReLU,0.003,0.0001,200,20,5.059218669659458,24.330744900000354,4360,34880,56.25,0.05
nn_32_long,2,3,20,1400,1120,0.5,2,2764026245,[32],ReLU,0.001,0.0001,1000,50,5.065649764146656,62.19508990000031,4360,34880,144.4,0.0
nn_linear,2,4,20,600,480,0.5,2,863201519,[],linear,0.001,0.0001,200,20,8.760015219449997,26.141649099999995,190,1520,176.0,0.7
nn_32,2,4,20,600,480,0.5,2,863201519,[32],ReLU,0.001,0.0001,200,20,7.926327250897884,23.20509409999977,4360,34880,113.15,0.15
nn_64_32,2,4,20,600,480,0.5,2,863201519,"[64, 32]",ReLU,0.001,0.0001,200,20,7.872513882815838,16.709674100000484,49000,392000,66.15,0.0
nn_128_64,2,4,20,600,480,0.5,2,863201519,"[128, 64]",ReLU,0.001,0.0001,200,20,7.862761497497559,13.35817809999935,179880,1439040,51.4,0.0
nn_32_nowd,2,4,20,600,480,0.5,2,863201519,[32],ReLU,0.001,0.0,200,20,7.9437840059399605,21.15876610000123,4360,34880,105.3,0.1
nn_32_lr3e3,2,4,20,600,480,0.5,2,863201519,[32],ReLU,0.003,0.0001,200,20,7.878494635224342,15.790902799999458,4360,34880,75.4,0.0
nn_32_long,2,4,20,600,480,0.5,2,863201519,[32],ReLU,0.001,0.0001,1000,50,7.890566915273666,44.08323500000006,4360,34880,216.9,0.0
nn_linear,2,4,20,1400,1120,0.5,2,863201519,[],linear,0.001,0.0001,200,20,8.52598337084055,47.09973770000033,190,1520,146.9,0.3
nn_32,2,4,20,1400,1120,0.5,2,863201519,[32],ReLU,0.001,0.0001,200,20,7.880733132362366,30.948637900000904,4360,34880,70.75,0.0
nn_64_32,2,4,20,1400,1120,0.5,2,863201519,"[64, 32]",ReLU,0.001,0.0001,200,20,7.860313519835472,26.60241700000006,49000,392000,49.4,0.0
nn_128_64,2,4,20,1400,1120,0.5,2,863201519,"[128, 64]",ReLU,0.001,0.0001,200,20,7.837781220674515,21.529176300000472,179880,1439040,39.3,0.0
nn_32_nowd,2,4,20,1400,1120,0.5,2,863201519,[32],ReLU,0.001,0.0,200,20,7.87954918295145,32.22755470000084,4360,34880,75.8,0.0
nn_32_lr3e3,2,4,20,1400,1120,0.5,2,863201519,[32],ReLU,0.003,0.0001,200,20,7.854448162019253,20.93844109999918,4360,34880,47.55,0.0
nn_32_long,2,4,20,1400,1120,0.5,2,863201519,[32],ReLU,0.001,0.0001,1000,50,7.872431181371212,57.29386589999922,4360,34880,133.9,0.0
nn_linear,2,5,20,600,480,0.5,2,47727095,[],linear,0.001,0.0001,200,20,8.379050508141518,27.70483669999885,190,1520,180.4,0.7
nn_32,2,5,20,600,480,0.5,2,47727095,[32],ReLU,0.001,0.0001,200,20,7.40855573117733,19.315456500000437,4360,34880,94.95,0.05
nn_64_32,2,5,20,600,480,0.5,2,47727095,"[64, 32]",ReLU,0.001,0.0001,200,20,7.362741552293301,14.334758099999817,49000,392000,55.6,0.0
nn_128_64,2,5,20,600,480,0.5,2,47727095,"[128, 64]",ReLU,0.001,0.0001,200,20,7.338355973362923,11.810094300000856,179880,1439040,46.35,0.0
nn_32_nowd,2,5,20,600,480,0.5,2,47727095,[32],ReLU,0.001,0.0,200,20,7.414448298513889,20.00141950000034,4360,34880,99.4,0.05
nn_32_lr3e3,2,5,20,600,480,0.5,2,47727095,[32],ReLU,0.003,0.0001,200,20,7.357935659587383,11.691244900001038,4360,34880,57.3,0.0
nn_32_long,2,5,20,600,480,0.5,2,47727095,[32],ReLU,0.001,0.0001,1000,50,7.378828376531601,33.020612000000256,4360,34880,159.3,0.0
nn_linear,2,5,20,1400,1120,0.5,2,47727095,[],linear,0.001,0.0001,200,20,7.922551870346069,51.955766900000526,190,1520,161.45,0.4
nn_32,2,5,20,1400,1120,0.5,2,47727095,[32],ReLU,0.001,0.0001,200,20,7.000973679125309,37.268160499999794,4360,34880,85.7,0.0
nn_64_32,2,5,20,1400,1120,0.5,2,47727095,"[64, 32]",ReLU,0.001,0.0001,200,20,6.9842289686203,29.670607300000484,49000,392000,55.65,0.0
nn_128_64,2,5,20,1400,1120,0.5,2,47727095,"[128, 64]",ReLU,0.001,0.0001,200,20,6.978131964802742,22.69827140000052,179880,1439040,42.3,0.0
nn_32_nowd,2,5,20,1400,1120,0.5,2,47727095,[32],ReLU,0.001,0.0,200,20,7.003190718591213,37.52931360000002,4360,34880,88.85,0.05
nn_32_lr3e3,2,5,20,1400,1120,0.5,2,47727095,[32],ReLU,0.003,0.0001,200,20,6.98460728675127,22.323164299999917,4360,34880,51.05,0.0
nn_32_long,2,5,20,1400,1120,0.5,2,47727095,[32],ReLU,0.001,0.0001,1000,50,6.990586668252945,65.15035320000061,4360,34880,151.95,0.0
nn_linear,6,1,20,600,480,0.5,2,2773254150,[],linear,0.001,0.0001,200,20,10.35502128303051,21.215576700000383,438,3504,141.45,0.35
nn_32,6,1,20,600,480,0.5,2,2773254150,[32],ReLU,0.001,0.0001,200,20,8.45161248743534,26.700021800001196,8328,66624,131.8,0.3
nn_64_32,6,1,20,600,480,0.5,2,2773254150,"[64, 32]",ReLU,0.001,0.0001,200,20,8.200867667794228,17.962742800000342,56936,455488,70.2,0.0
nn_128_64,6,1,20,600,480,0.5,2,2773254150,"[128, 64]",ReLU,0.001,0.0001,200,20,8.121171429753304,15.028377900000123,195752,1566016,58.35,0.0
nn_32_nowd,6,1,20,600,480,0.5,2,2773254150,[32],ReLU,0.001,0.0,200,20,8.43310897052288,27.405451799999355,8328,66624,137.25,0.3
nn_32_lr3e3,6,1,20,600,480,0.5,2,2773254150,[32],ReLU,0.003,0.0001,200,20,8.280935660004616,16.136017299999367,8328,66624,77.85,0.05
nn_32_long,6,1,20,600,480,0.5,2,2773254150,[32],ReLU,0.001,0.0001,1000,50,8.323076754808426,50.72352130000036,8328,66624,249.1,0.0
nn_linear,6,1,20,1400,1120,0.5,2,2773254150,[],linear,0.001,0.0001,200,20,9.922558426856995,41.50548859999981,438,3504,129.25,0.3
nn_32,6,1,20,1400,1120,0.5,2,2773254150,[32],ReLU,0.001,0.0001,200,20,7.686589956283569,65.79899889999979,8328,66624,151.85,0.35
nn_64_32,6,1,20,1400,1120,0.5,2,2773254150,"[64, 32]",ReLU,0.001,0.0001,200,20,7.578856363892555,43.58436690000053,56936,455488,82.0,0.0
nn_128_64,6,1,20,1400,1120,0.5,2,2773254150,"[128, 64]",ReLU,0.001,0.0001,200,20,7.5570148229599,33.88212310000017,195752,1566016,62.8,0.0
nn_32_nowd,6,1,20,1400,1120,0.5,2,2773254150,[32],ReLU,0.001,0.0,200,20,7.690454229712486,64.98154980000072,8328,66624,153.85,0.3
nn_32_lr3e3,6,1,20,1400,1120,0.5,2,2773254150,[32],ReLU,0.003,0.0001,200,20,7.5904654413461685,41.63120560000061,8328,66624,96.0,0.0
nn_32_long,6,1,20,1400,1120,0.5,2,2773254150,[32],ReLU,0.001,0.0001,1000,50,7.581009849905968,139.22579069999847,8328,66624,326.45,0.0
nn_linear,6,2,20,600,480,0.5,2,3940985621,[],linear,0.001,0.0001,200,20,10.928797390311956,20.80366259999937,438,3504,134.2,0.25
nn_32,6,2,20,600,480,0.5,2,3940985621,[32],ReLU,0.001,0.0001,200,20,8.23400678532198,33.97384200000124,8328,66624,165.45,0.45
nn_64_32,6,2,20,600,480,0.5,2,3940985621,"[64, 32]",ReLU,0.001,0.0001,200,20,8.089777870569378,21.094727800000328,56936,455488,82.65,0.0
nn_128_64,6,2,20,600,480,0.5,2,3940985621,"[128, 64]",ReLU,0.001,0.0001,200,20,8.076182250399143,17.994076299999506,195752,1566016,70.7,0.0
nn_32_nowd,6,2,20,600,480,0.5,2,3940985621,[32],ReLU,0.001,0.0,200,20,8.30209457455203,33.61143179999999,8328,66624,166.7,0.5
nn_32_lr3e3,6,2,20,600,480,0.5,2,3940985621,[32],ReLU,0.003,0.0001,200,20,8.04390121391043,22.112209499999153,8328,66624,107.3,0.0
nn_32_long,6,2,20,600,480,0.5,2,3940985621,[32],ReLU,0.001,0.0001,1000,50,8.078127813059837,63.74047699999937,8328,66624,314.7,0.0
nn_linear,6,2,20,1400,1120,0.5,2,3940985621,[],linear,0.001,0.0001,200,20,10.695314610376954,37.21596680000039,438,3504,116.65,0.1
nn_32,6,2,20,1400,1120,0.5,2,3940985621,[32],ReLU,0.001,0.0001,200,20,7.947006134316325,66.38093320000007,8328,66624,153.85,0.5
nn_64_32,6,2,20,1400,1120,0.5,2,3940985621,"[64, 32]",ReLU,0.001,0.0001,200,20,7.792607283219695,46.563300300000265,56936,455488,86.8,0.0
nn_128_64,6,2,20,1400,1120,0.5,2,3940985621,"[128, 64]",ReLU,0.001,0.0001,200,20,7.767768397927284,36.48378109999976,195752,1566016,67.55,0.0
nn_32_nowd,6,2,20,1400,1120,0.5,2,3940985621,[32],ReLU,0.001,0.0,200,20,7.950511585921049,63.77541790000032,8328,66624,152.0,0.4
nn_32_lr3e3,6,2,20,1400,1120,0.5,2,3940985621,[32],ReLU,0.003,0.0001,200,20,7.826826000586152,43.4039916999991,8328,66624,100.25,0.0
nn_32_long,6,2,20,1400,1120,0.5,2,3940985621,[32],ReLU,0.001,0.0001,1000,50,7.8721359353512526,123.39634060000026,8328,66624,288.05,0.0
nn_linear,6,3,20,600,480,0.5,2,1334276535,[],linear,0.001,0.0001,200,20,9.801109075546265,24.328084700000545,438,3504,159.9,0.5
nn_32,6,3,20,600,480,0.5,2,1334276535,[32],ReLU,0.001,0.0001,200,20,7.953085891902447,25.233347199999116,8328,66624,122.1,0.15
nn_64_32,6,3,20,600,480,0.5,2,1334276535,"[64, 32]",ReLU,0.001,0.0001,200,20,7.863768570125103,16.628400799998417,56936,455488,65.55,0.0
nn_128_64,6,3,20,600,480,0.5,2,1334276535,"[128, 64]",ReLU,0.001,0.0001,200,20,7.79015576094389,12.471180799999274,195752,1566016,47.75,0.0
nn_32_nowd,6,3,20,600,480,0.5,2,1334276535,[32],ReLU,0.001,0.0,200,20,7.980421841144562,24.91729950000081,8328,66624,124.25,0.2
nn_32_lr3e3,6,3,20,600,480,0.5,2,1334276535,[32],ReLU,0.003,0.0001,200,20,7.858901992440224,16.051426699999865,8328,66624,77.0,0.0
nn_32_long,6,3,20,600,480,0.5,2,1334276535,[32],ReLU,0.001,0.0001,1000,50,7.897919207811356,39.97220799999923,8328,66624,196.9,0.0
nn_linear,6,3,20,1400,1120,0.5,2,1334276535,[],linear,0.001,0.0001,200,20,9.220230042934418,40.7054920999999,438,3504,125.8,0.25
nn_32,6,3,20,1400,1120,0.5,2,1334276535,[32],ReLU,0.001,0.0001,200,20,7.202887672930956,57.762428800000635,8328,66624,136.75,0.35
nn_64_32,6,3,20,1400,1120,0.5,2,1334276535,"[64, 32]",ReLU,0.001,0.0001,200,20,7.068168565630913,38.09624700000131,56936,455488,70.6,0.0
nn_128_64,6,3,20,1400,1120,0.5,2,1334276535,"[128, 64]",ReLU,0.001,0.0001,200,20,7.0423199608922005,28.194333300001745,195752,1566016,52.4,0.0
nn_32_nowd,6,3,20,1400,1120,0.5,2,1334276535,[32],ReLU,0.001,0.0,200,20,7.214988548308611,55.186719499999526,8328,66624,131.35,0.25
nn_32_lr3e3,6,3,20,1400,1120,0.5,2,1334276535,[32],ReLU,0.003,0.0001,200,20,7.139657512307167,35.36001629999919,8328,66624,81.85,0.0
nn_32_long,6,3,20,1400,1120,0.5,2,1334276535,[32],ReLU,0.001,0.0001,1000,50,7.11780571937561,125.99901080000018,8328,66624,293.95,0.0
nn_linear,6,4,20,600,480,0.5,2,3793815994,[],linear,0.001,0.0001,200,20,10.764711394906044,23.34503670000049,438,3504,152.45,0.5
nn_32,6,4,20,600,480,0.5,2,3793815994,[32],ReLU,0.001,0.0001,200,20,8.298603370785713,31.651928999999654,8328,66624,154.1,0.3
nn_64_32,6,4,20,600,480,0.5,2,3793815994,"[64, 32]",ReLU,0.001,0.0001,200,20,8.125052630901337,20.89534520000052,56936,455488,82.45,0.0
nn_128_64,6,4,20,600,480,0.5,2,3793815994,"[128, 64]",ReLU,0.001,0.0001,200,20,8.108512729406357,17.592013900000893,195752,1566016,68.55,0.0
nn_32_nowd,6,4,20,600,480,0.5,2,3793815994,[32],ReLU,0.001,0.0,200,20,8.352769032120705,29.41482879999967,8328,66624,145.4,0.35
nn_32_lr3e3,6,4,20,600,480,0.5,2,3793815994,[32],ReLU,0.003,0.0001,200,20,8.214848533272743,19.09849519999989,8328,66624,90.7,0.05
nn_32_long,6,4,20,600,480,0.5,2,3793815994,[32],ReLU,0.001,0.0001,1000,50,8.171202674508095,60.32840219999889,8328,66624,292.45,0.0
nn_linear,6,4,20,1400,1120,0.5,2,3793815994,[],linear,0.001,0.0001,200,20,10.628406345844269,35.54996530000062,438,3504,110.4,0.05
nn_32,6,4,20,1400,1120,0.5,2,3793815994,[32],ReLU,0.001,0.0001,200,20,7.942177414894104,61.79967020000004,8328,66624,141.95,0.35
nn_64_32,6,4,20,1400,1120,0.5,2,3793815994,"[64, 32]",ReLU,0.001,0.0001,200,20,7.756711840629578,38.93315740000071,56936,455488,72.05,0.0
nn_128_64,6,4,20,1400,1120,0.5,2,3793815994,"[128, 64]",ReLU,0.001,0.0001,200,20,7.758292764425278,33.05890470000122,195752,1566016,60.9,0.0
nn_32_nowd,6,4,20,1400,1120,0.5,2,3793815994,[32],ReLU,0.001,0.0,200,20,7.980126142501831,55.6329767999996,8328,66624,131.8,0.35
nn_32_lr3e3,6,4,20,1400,1120,0.5,2,3793815994,[32],ReLU,0.003,0.0001,200,20,7.890291541814804,33.48343840000052,8328,66624,77.05,0.0
nn_32_long,6,4,20,1400,1120,0.5,2,3793815994,[32],ReLU,0.001,0.0001,1000,50,7.912194222211838,102.63112969999929,8328,66624,235.35,0.0
nn_linear,6,5,20,600,480,0.5,2,3881723990,[],linear,0.001,0.0001,200,20,10.47893201559782,23.42884729999969,438,3504,151.05,0.3
nn_32,6,5,20,600,480,0.5,2,3881723990,[32],ReLU,0.001,0.0001,200,20,8.258088037371635,29.445627900000545,8328,66624,141.0,0.25
nn_64_32,6,5,20,600,480,0.5,2,3881723990,"[64, 32]",ReLU,0.001,0.0001,200,20,7.9779243022203445,21.287003800000093,56936,455488,83.5,0.05
nn_128_64,6,5,20,600,480,0.5,2,3881723990,"[128, 64]",ReLU,0.001,0.0001,200,20,7.947255104780197,15.265928199998598,195752,1566016,60.45,0.0
nn_32_nowd,6,5,20,600,480,0.5,2,3881723990,[32],ReLU,0.001,0.0,200,20,8.280875973403454,28.20126909999999,8328,66624,142.35,0.3
nn_32_lr3e3,6,5,20,600,480,0.5,2,3881723990,[32],ReLU,0.003,0.0001,200,20,8.049323316663504,17.728601400000116,8328,66624,86.3,0.05
nn_32_long,6,5,20,600,480,0.5,2,3881723990,[32],ReLU,0.001,0.0001,1000,50,8.057305112481117,58.227357499999925,8328,66624,284.95,0.0
nn_linear,6,5,20,1400,1120,0.5,2,3881723990,[],linear,0.001,0.0001,200,20,10.373560965061188,38.20527399999992,438,3504,119.35,0.25
nn_32,6,5,20,1400,1120,0.5,2,3881723990,[32],ReLU,0.001,0.0001,200,20,7.8467507641762495,62.32381340000029,8328,66624,143.4,0.25
nn_64_32,6,5,20,1400,1120,0.5,2,3881723990,"[64, 32]",ReLU,0.001,0.0001,200,20,7.676447385922074,41.05433730000004,56936,455488,76.85,0.0
nn_128_64,6,5,20,1400,1120,0.5,2,3881723990,"[128, 64]",ReLU,0.001,0.0001,200,20,7.685738096013665,33.71057180000025,195752,1566016,61.75,0.0
nn_32_nowd,6,5,20,1400,1120,0.5,2,3881723990,[32],ReLU,0.001,0.0,200,20,7.841833183541894,56.47826139999961,8328,66624,134.25,0.25
nn_32_lr3e3,6,5,20,1400,1120,0.5,2,3881723990,[32],ReLU,0.003,0.0001,200,20,7.720582716166973,36.7649765999995,8328,66624,83.75,0.0
nn_32_long,6,5,20,1400,1120,0.5,2,3881723990,[32],ReLU,0.001,0.0001,1000,50,7.732761487364769,114.59311829999933,8328,66624,267.85,0.0
nn_linear,10,1,20,600,480,0.5,2,2062938412,[],linear,0.001,0.0001,200,20,11.158876657485962,17.50475440000082,622,4976,111.05,0.2
nn_32,10,1,20,600,480,0.5,2,2062938412,[32],ReLU,0.001,0.0001,200,20,9.681214600801468,24.314284199999747,11272,90176,119.15,0.1
nn_64_32,10,1,20,600,480,0.5,2,2062938412,"[64, 32]",ReLU,0.001,0.0001,200,20,9.383282378315926,17.63521469999978,62824,502592,71.5,0.0
nn_128_64,10,1,20,600,480,0.5,2,2062938412,"[128, 64]",ReLU,0.001,0.0001,200,20,9.33746600151062,14.193872299998475,207528,1660224,56.4,0.0
nn_32_nowd,10,1,20,600,480,0.5,2,2062938412,[32],ReLU,0.001,0.0,200,20,9.683251976966858,23.517694900001516,11272,90176,116.25,0.15
nn_32_lr3e3,10,1,20,600,480,0.5,2,2062938412,[32],ReLU,0.003,0.0001,200,20,9.549839109182358,14.504793300000529,11272,90176,70.15,0.0
nn_32_long,10,1,20,600,480,0.5,2,2062938412,[32],ReLU,0.001,0.0001,1000,50,9.573168367147446,40.99035180000101,11272,90176,200.7,0.0
nn_linear,10,1,20,1400,1120,0.5,2,2062938412,[],linear,0.001,0.0001,200,20,11.446299076080322,32.90866249999999,622,4976,103.65,0.0
nn_32,10,1,20,1400,1120,0.5,2,2062938412,[32],ReLU,0.001,0.0001,200,20,9.083041921257973,67.24307130000125,11272,90176,156.45,0.45
nn_64_32,10,1,20,1400,1120,0.5,2,2062938412,"[64, 32]",ReLU,0.001,0.0001,200,20,8.944270342588425,37.460905700001604,62824,502592,69.4,0.0
nn_128_64,10,1,20,1400,1120,0.5,2,2062938412,"[128, 64]",ReLU,0.001,0.0001,200,20,8.883422628045082,30.30147659999966,207528,1660224,55.7,0.0
nn_32_nowd,10,1,20,1400,1120,0.5,2,2062938412,[32],ReLU,0.001,0.0,200,20,9.126275509595871,62.11411640000006,11272,90176,145.55,0.35
nn_32_lr3e3,10,1,20,1400,1120,0.5,2,2062938412,[32],ReLU,0.003,0.0001,200,20,8.917128831148148,42.48048569999992,11272,90176,98.6,0.0
nn_32_long,10,1,20,1400,1120,0.5,2,2062938412,[32],ReLU,0.001,0.0001,1000,50,9.005150064826012,115.36730940000052,11272,90176,266.85,0.0
nn_linear,10,2,20,600,480,0.5,2,2133176711,[],linear,0.001,0.0001,200,20,11.190193265676498,21.124323699999877,622,4976,140.9,0.4
nn_32,10,2,20,600,480,0.5,2,2133176711,[32],ReLU,0.001,0.0001,200,20,9.420263727894053,29.398181299999123,11272,90176,145.15,0.3
nn_64_32,10,2,20,600,480,0.5,2,2133176711,"[64, 32]",ReLU,0.001,0.0001,200,20,9.273224217584357,17.566149599999335,62824,502592,70.4,0.0
nn_128_64,10,2,20,600,480,0.5,2,2133176711,"[128, 64]",ReLU,0.001,0.0001,200,20,9.098231306648813,13.53613629999927,207528,1660224,53.3,0.0
nn_32_nowd,10,2,20,600,480,0.5,2,2133176711,[32],ReLU,0.001,0.0,200,20,9.507345127873123,28.796798299999864,11272,90176,144.8,0.3
nn_32_lr3e3,10,2,20,600,480,0.5,2,2133176711,[32],ReLU,0.003,0.0001,200,20,9.258114581229165,18.847278799999913,11272,90176,91.15,0.1
nn_32_long,10,2,20,600,480,0.5,2,2133176711,[32],ReLU,0.001,0.0001,1000,50,9.32758073671721,54.291069300001254,11272,90176,268.5,0.0
nn_linear,10,2,20,1400,1120,0.5,2,2133176711,[],linear,0.001,0.0001,200,20,11.286383245140314,32.152375499999835,622,4976,101.6,0.2
nn_32,10,2,20,1400,1120,0.5,2,2133176711,[32],ReLU,0.001,0.0001,200,20,9.544634830206633,57.91891359999863,11272,90176,133.95,0.25
nn_64_32,10,2,20,1400,1120,0.5,2,2133176711,"[64, 32]",ReLU,0.001,0.0001,200,20,9.387666430324316,37.306914799999504,62824,502592,70.85,0.0
nn_128_64,10,2,20,1400,1120,0.5,2,2133176711,"[128, 64]",ReLU,0.001,0.0001,200,20,9.326885927468538,32.85383910000019,207528,1660224,61.15,0.0
nn_32_nowd,10,2,20,1400,1120,0.5,2,2133176711,[32],ReLU,0.001,0.0,200,20,9.58218838274479,54.7238612000001,11272,90176,131.75,0.25
nn_32_lr3e3,10,2,20,1400,1120,0.5,2,2133176711,[32],ReLU,0.003,0.0001,200,20,9.42571734264493,41.58751450000091,11272,90176,93.3,0.0
nn_32_long,10,2,20,1400,1120,0.5,2,2133176711,[32],ReLU,0.001,0.0001,1000,50,9.448716282844543,118.23625280000124,11272,90176,275.9,0.0
nn_linear,10,3,20,600,480,0.5,2,3705438268,[],linear,0.001,0.0001,200,20,11.506367951631546,20.81828830000086,622,4976,135.55,0.4
nn_32,10,3,20,600,480,0.5,2,3705438268,[32],ReLU,0.001,0.0001,200,20,10.053954809904099,26.9089256999996,11272,90176,132.2,0.2
nn_64_32,10,3,20,600,480,0.5,2,3705438268,"[64, 32]",ReLU,0.001,0.0001,200,20,9.910653829574585,13.867290400001366,62824,502592,54.9,0.0
nn_128_64,10,3,20,600,480,0.5,2,3705438268,"[128, 64]",ReLU,0.001,0.0001,200,20,9.834371864795685,12.846233199999915,207528,1660224,50.7,0.0
nn_32_nowd,10,3,20,600,480,0.5,2,3705438268,[32],ReLU,0.001,0.0,200,20,10.068627148866653,25.240571300000738,11272,90176,126.6,0.2
nn_32_lr3e3,10,3,20,600,480,0.5,2,3705438268,[32],ReLU,0.003,0.0001,200,20,9.989414155483246,13.832605499999772,11272,90176,67.9,0.0
nn_32_long,10,3,20,600,480,0.5,2,3705438268,[32],ReLU,0.001,0.0001,1000,50,10.003968387842178,37.25371449999875,11272,90176,185.05,0.0
nn_linear,10,3,20,1400,1120,0.5,2,3705438268,[],linear,0.001,0.0001,200,20,11.281727015972137,33.8629777999995,622,4976,107.5,0.1
nn_32,10,3,20,1400,1120,0.5,2,3705438268,[32],ReLU,0.001,0.0001,200,20,9.336966514587402,61.03763709999839,11272,90176,142.15,0.45
nn_64_32,10,3,20,1400,1120,0.5,2,3705438268,"[64, 32]",ReLU,0.001,0.0001,200,20,9.026971071958542,37.09926799999994,62824,502592,70.2,0.0
nn_128_64,10,3,20,1400,1120,0.5,2,3705438268,"[128, 64]",ReLU,0.001,0.0001,200,20,9.008716225624084,26.757827100000213,207528,1660224,50.25,0.0
nn_32_nowd,10,3,20,1400,1120,0.5,2,3705438268,[32],ReLU,0.001,0.0,200,20,9.373310148715973,58.16299960000106,11272,90176,138.25,0.35
nn_32_lr3e3,10,3,20,1400,1120,0.5,2,3705438268,[32],ReLU,0.003,0.0001,200,20,9.275394588708878,35.810016199999154,11272,90176,82.9,0.0
nn_32_long,10,3,20,1400,1120,0.5,2,3705438268,[32],ReLU,0.001,0.0001,1000,50,9.238773554563522,101.63309509999999,11272,90176,239.3,0.0
nn_linear,10,4,20,600,480,0.5,2,907334684,[],linear,0.001,0.0001,200,20,12.52088463306427,16.18444509999972,622,4976,106.8,0.15
nn_32,10,4,20,600,480,0.5,2,907334684,[32],ReLU,0.001,0.0001,200,20,11.18996837735176,22.843899700001202,11272,90176,111.8,0.2
nn_64_32,10,4,20,600,480,0.5,2,907334684,"[64, 32]",ReLU,0.001,0.0001,200,20,11.161063820123672,14.75123689999964,62824,502592,57.65,0.0
nn_128_64,10,4,20,600,480,0.5,2,907334684,"[128, 64]",ReLU,0.001,0.0001,200,20,11.043680846691132,11.067586299999675,207528,1660224,43.5,0.0
nn_32_nowd,10,4,20,600,480,0.5,2,907334684,[32],ReLU,0.001,0.0,200,20,11.200365632772446,22.12062049999986,11272,90176,112.7,0.2
nn_32_lr3e3,10,4,20,600,480,0.5,2,907334684,[32],ReLU,0.003,0.0001,200,20,11.130339741706848,13.261666100001094,11272,90176,64.95,0.0
nn_32_long,10,4,20,600,480,0.5,2,907334684,[32],ReLU,0.001,0.0001,1000,50,11.119752198457718,36.97591350000039,11272,90176,184.3,0.0
nn_linear,10,4,20,1400,1120,0.5,2,907334684,[],linear,0.001,0.0001,200,20,12.39594104886055,31.31388710000101,622,4976,97.3,0.05
nn_32,10,4,20,1400,1120,0.5,2,907334684,[32],ReLU,0.001,0.0001,200,20,10.482121020555496,60.45202199999949,11272,90176,141.25,0.3
nn_64_32,10,4,20,1400,1120,0.5,2,907334684,"[64, 32]",ReLU,0.001,0.0001,200,20,10.163860380649567,37.207890900001075,62824,502592,70.15,0.0
nn_128_64,10,4,20,1400,1120,0.5,2,907334684,"[128, 64]",ReLU,0.001,0.0001,200,20,10.177353978157043,28.522161799999594,207528,1660224,53.05,0.0
nn_32_nowd,10,4,20,1400,1120,0.5,2,907334684,[32],ReLU,0.001,0.0,200,20,10.52659386396408,58.7931152000001,11272,90176,141.15,0.25
nn_32_lr3e3,10,4,20,1400,1120,0.5,2,907334684,[32],ReLU,0.003,0.0001,200,20,10.282017469406128,33.22713289999956,11272,90176,77.05,0.0
nn_32_long,10,4,20,1400,1120,0.5,2,907334684,[32],ReLU,0.001,0.0001,1000,50,10.324221402406693,117.45015070000045,11272,90176,277.3,0.0
nn_linear,10,5,20,600,480,0.5,2,82304378,[],linear,0.001,0.0001,200,20,10.180445402860641,20.97509910000008,622,4976,137.75,0.2
nn_32,10,5,20,600,480,0.5,2,82304378,[32],ReLU,0.001,0.0001,200,20,8.340696156024933,32.03921590000027,11272,90176,157.1,0.5
nn_64_32,10,5,20,600,480,0.5,2,82304378,"[64, 32]",ReLU,0.001,0.0001,200,20,8.09386399621144,20.69283070000165,62824,502592,83.2,0.0
nn_128_64,10,5,20,600,480,0.5,2,82304378,"[128, 64]",ReLU,0.001,0.0001,200,20,8.120665579568595,16.024225600000136,207528,1660224,64.4,0.0
nn_32_nowd,10,5,20,600,480,0.5,2,82304378,[32],ReLU,0.001,0.0,200,20,8.380464571528137,30.068047800001295,11272,90176,151.6,0.3
nn_32_lr3e3,10,5,20,600,480,0.5,2,82304378,[32],ReLU,0.003,0.0001,200,20,8.196367447730154,18.577674500000285,11272,90176,91.2,0.0
nn_32_long,10,5,20,600,480,0.5,2,82304378,[32],ReLU,0.001,0.0001,1000,50,8.230364674702287,58.55717960000038,11272,90176,293.85,0.0
nn_linear,10,5,20,1400,1120,0.5,2,82304378,[],linear,0.001,0.0001,200,20,10.000995254144073,34.18045019999954,622,4976,107.0,0.2
nn_32,10,5,20,1400,1120,0.5,2,82304378,[32],ReLU,0.001,0.0001,200,20,8.072701336815953,57.248765500000445,11272,90176,134.05,0.25
nn_64_32,10,5,20,1400,1120,0.5,2,82304378,"[64, 32]",ReLU,0.001,0.0001,200,20,7.907304575666785,37.67010669999945,62824,502592,70.7,0.0
nn_128_64,10,5,20,1400,1120,0.5,2,82304378,"[128, 64]",ReLU,0.001,0.0001,200,20,7.841897504404187,32.87888469999962,207528,1660224,60.25,0.0
nn_32_nowd,10,5,20,1400,1120,0.5,2,82304378,[32],ReLU,0.001,0.0,200,20,8.092312160879374,60.72278430000006,11272,90176,144.75,0.3
nn_32_lr3e3,10,5,20,1400,1120,0.5,2,82304378,[32],ReLU,0.003,0.0001,200,20,7.991763727739453,32.83786239999972,11272,90176,76.35,0.0
nn_32_long,10,5,20,1400,1120,0.5,2,82304378,[32],ReLU,0.001,0.0001,1000,50,7.985642304643989,108.06644960000085,11272,90176,254.15,0.0
