in_degree,dag_idx,n_nodes,sample_size,n_fit,alpha,card,hidden_dims,activation,n_epochs,lr,weight_decay,dropout,batch_size,patience,optimizer,val_loss,kl,kl_se,fit_time_s,fit_cpu_s,stored_params,stop_epoch_mean,frac_at_ceiling,device,torch_threads,run_id,run_name,n_jobs
10,101,20,600,480,0.5,2,"[128, 64]",ReLU,1000,0.0008496205525532,0.0007466139490206,0.1,128,100,adamw,10.370187640190125,2.3698825768851104,0.0192926956612596,33.84690780000528,32.125,207528,172.35,0.0,cpu,1,8al2uukk,k10_128_64_1,-1
10,101,20,1400,1120,0.5,2,"[128, 64]",ReLU,1000,0.0008496205525532,0.0007466139490206,0.1,128,100,adamw,9.581045776605606,1.5809208067450584,0.017953787356479,61.91953310000099,60.25,207528,183.7,0.0,cpu,1,8al2uukk,k10_128_64_1,-1
10,102,20,600,480,0.5,2,"[128, 64]",ReLU,1000,0.0008496205525532,0.0007466139490206,0.1,128,100,adamw,9.132175080478191,2.007008948626922,0.0225231009756698,32.301941999998235,30.6875,207528,163.1,0.0,cpu,1,8al2uukk,k10_128_64_1,-1
10,102,20,1400,1120,0.5,2,"[128, 64]",ReLU,1000,0.0008496205525532,0.0007466139490206,0.1,128,100,adamw,8.931015618145466,1.301021832029566,0.0190681611468771,62.48148299999593,60.890625,207528,186.15,0.0,cpu,1,8al2uukk,k10_128_64_1,-1
10,103,20,600,480,0.5,2,"[128, 64]",ReLU,1000,0.0008496205525532,0.0007466139490206,0.1,128,100,adamw,9.78353415429592,2.295105720803938,0.02042580986173,31.90587470000173,30.609375,207528,162.15,0.0,cpu,1,8al2uukk,k10_128_64_1,-1
10,103,20,1400,1120,0.5,2,"[128, 64]",ReLU,1000,0.0008496205525532,0.0007466139490206,0.1,128,100,adamw,9.145356595516205,1.3462671953584189,0.018616339374193,54.61532559999614,52.984375,207528,154.45,0.0,cpu,1,8al2uukk,k10_128_64_1,-1
10,104,20,600,480,0.5,2,"[128, 64]",ReLU,1000,0.0008496205525532,0.0007466139490206,0.1,128,100,adamw,11.00530368089676,2.641166224611571,0.0202978413468399,31.52231970000139,30.28125,207528,157.35,0.0,cpu,1,8al2uukk,k10_128_64_1,-1
10,104,20,1400,1120,0.5,2,"[128, 64]",ReLU,1000,0.0008496205525532,0.0007466139490206,0.1,128,100,adamw,10.250329852104189,1.78709718164609,0.0199261646343643,63.72526739999739,62.140625,207528,192.05,0.0,cpu,1,8al2uukk,k10_128_64_1,-1
10,105,20,600,480,0.5,2,"[128, 64]",ReLU,1000,0.0008496205525532,0.0007466139490206,0.1,128,100,adamw,10.072596728801727,2.2787843271409765,0.0185768386591671,29.547441900002013,28.1875,207528,149.0,0.0,cpu,1,8al2uukk,k10_128_64_1,-1
10,105,20,1400,1120,0.5,2,"[128, 64]",ReLU,1000,0.0008496205525532,0.0007466139490206,0.1,128,100,adamw,8.954483225941658,1.2965924652268714,0.0187806646339336,64.72450009999739,63.078125,207528,198.2,0.0,cpu,1,8al2uukk,k10_128_64_1,-1
10,101,20,600,480,0.5,2,[32],ReLU,1000,0.0049987029986575,0.00022988107585,0.1,32,20,adamw,10.50189644098282,2.5382535333480933,0.0174389916158615,14.313674199998786,14.09375,11272,55.8,0.0,cpu,1,jldyxczj,k10_32_2,-1
10,101,20,1400,1120,0.5,2,[32],ReLU,1000,0.0049987029986575,0.00022988107585,0.1,32,20,adamw,9.866899877786636,1.921280137770206,0.0174027865357467,29.140795200000863,28.84375,11272,56.45,0.0,cpu,1,jldyxczj,k10_32_2,-1
10,102,20,600,480,0.5,2,[32],ReLU,1000,0.0049987029986575,0.00022988107585,0.1,32,20,adamw,9.212015837430954,2.207029195537756,0.0239312390808633,13.612493799999356,13.375,11272,52.6,0.0,cpu,1,jldyxczj,k10_32_2,-1
10,102,20,1400,1120,0.5,2,[32],ReLU,1000,0.0049987029986575,0.00022988107585,0.1,32,20,adamw,9.151305299252272,1.5325835784807609,0.0180506703537851,28.93414869999833,28.671875,11272,58.75,0.0,cpu,1,jldyxczj,k10_32_2,-1
10,103,20,600,480,0.5,2,[32],ReLU,1000,0.0049987029986575,0.00022988107585,0.1,32,20,adamw,9.796836763620377,2.433703694238316,0.0208997463473986,12.529119699996954,12.203125,11272,47.2,0.0,cpu,1,jldyxczj,k10_32_2,-1
10,103,20,1400,1120,0.5,2,[32],ReLU,1000,0.0049987029986575,0.00022988107585,0.1,32,20,adamw,9.44641187787056,1.6845063623470726,0.01936548639094,28.41687500000262,28.046875,11272,57.1,0.0,cpu,1,jldyxczj,k10_32_2,-1
10,104,20,600,480,0.5,2,[32],ReLU,1000,0.0049987029986575,0.00022988107585,0.1,32,20,adamw,10.992468416690826,2.8104386407302155,0.0203484236074895,11.989091600000393,11.65625,11272,45.25,0.0,cpu,1,jldyxczj,k10_32_2,-1
10,104,20,1400,1120,0.5,2,[32],ReLU,1000,0.0049987029986575,0.00022988107585,0.1,32,20,adamw,10.517921954393389,2.0693426820931307,0.0189227538001587,28.838274800000363,28.625,11272,55.15,0.0,cpu,1,jldyxczj,k10_32_2,-1
10,105,20,600,480,0.5,2,[32],ReLU,1000,0.0049987029986575,0.00022988107585,0.1,32,20,adamw,10.131992176175116,2.354631300423668,0.0171608008681895,11.771619899998768,11.53125,11272,44.55,0.0,cpu,1,jldyxczj,k10_32_2,-1
10,105,20,1400,1120,0.5,2,[32],ReLU,1000,0.0049987029986575,0.00022988107585,0.1,32,20,adamw,9.106542453169824,1.5200285926527295,0.0183122424259682,32.64593759999843,32.203125,11272,68.75,0.0,cpu,1,jldyxczj,k10_32_2,-1
10,101,20,600,480,0.5,2,[32],ReLU,1000,0.0007369863048148,0.0008504855978664,0.0,64,50,adamw,10.519513607025146,2.496536640118875,0.0181114900105764,38.89298699999927,37.4375,11272,280.3,0.0,cpu,1,29525kpk,k10_32_3,-1
10,101,20,1400,1120,0.5,2,[32],ReLU,1000,0.0007369863048148,0.0008504855978664,0.0,64,50,adamw,9.844403713941574,1.7972022966428365,0.0177433477084939,67.33220129999972,65.6875,11272,262.6,0.0,cpu,1,29525kpk,k10_32_3,-1
10,102,20,600,480,0.5,2,[32],ReLU,1000,0.0007369863048148,0.0008504855978664,0.0,64,50,adamw,9.297426216304302,2.218168179979926,0.0222027030088298,34.44289249999565,33.125,11272,242.2,0.0,cpu,1,29525kpk,k10_32_3,-1
10,102,20,1400,1120,0.5,2,[32],ReLU,1000,0.0007369863048148,0.0008504855978664,0.0,64,50,adamw,9.166783671826124,1.5126860076010746,0.0195282681862013,66.82419829999708,65.421875,11272,254.25,0.0,cpu,1,29525kpk,k10_32_3,-1
10,103,20,600,480,0.5,2,[32],ReLU,1000,0.0007369863048148,0.0008504855978664,0.0,64,50,adamw,9.880779027938845,2.4454921098885563,0.0213569797361237,35.766437399994174,34.453125,11272,257.15,0.0,cpu,1,29525kpk,k10_32_3,-1
10,103,20,1400,1120,0.5,2,[32],ReLU,1000,0.0007369863048148,0.0008504855978664,0.0,64,50,adamw,9.50156743824482,1.6267774995358395,0.0200589515512435,69.29484349999984,68.03125,11272,271.25,0.0,cpu,1,29525kpk,k10_32_3,-1
10,104,20,600,480,0.5,2,[32],ReLU,1000,0.0007369863048148,0.0008504855978664,0.0,64,50,adamw,11.06036913394928,2.7896757171592164,0.0202020734955713,30.10607069999969,28.90625,11272,207.45,0.0,cpu,1,29525kpk,k10_32_3,-1
10,104,20,1400,1120,0.5,2,[32],ReLU,1000,0.0007369863048148,0.0008504855978664,0.0,64,50,adamw,10.612565487623216,2.075106659599592,0.0185277384088734,66.84353359999659,65.546875,11272,257.5,0.0,cpu,1,29525kpk,k10_32_3,-1
10,105,20,600,480,0.5,2,[32],ReLU,1000,0.0007369863048148,0.0008504855978664,0.0,64,50,adamw,10.110322415828705,2.309803193642044,0.0176429987260362,30.64369079999597,29.421875,11272,213.55,0.0,cpu,1,29525kpk,k10_32_3,-1
10,105,20,1400,1120,0.5,2,[32],ReLU,1000,0.0007369863048148,0.0008504855978664,0.0,64,50,adamw,9.213223084807396,1.520295093638102,0.0198687039726956,81.33124829999724,79.6875,11272,338.1,0.0,cpu,1,29525kpk,k10_32_3,-1
10,101,20,600,480,0.5,2,"[64, 32]",ReLU,1000,0.007088077797052672,1.3356685398284164e-05,0.5,64,100,adamw,10.152406811714172,2.6025180130887944,0.022014266755523253,36.511595099997066,35.078125,62824,152.95,0.0,cpu,1,xepjon51,k10_64_32_1,-1
10,101,20,1400,1120,0.5,2,"[64, 32]",ReLU,1000,0.007088077797052672,1.3356685398284164e-05,0.5,64,100,adamw,9.732072621583939,1.8254818884414912,0.017521483084453525,67.45543129999714,65.65625,62824,150.5,0.0,cpu,1,xepjon51,k10_64_32_1,-1
10,102,20,600,480,0.5,2,"[64, 32]",ReLU,1000,0.007088077797052672,1.3356685398284164e-05,0.5,64,100,adamw,9.02890881896019,2.5299077761984385,0.03482700344116146,38.367331000001286,36.953125,62824,163.15,0.0,cpu,1,xepjon51,k10_64_32_1,-1
10,102,20,1400,1120,0.5,2,"[64, 32]",ReLU,1000,0.007088077797052672,1.3356685398284164e-05,0.5,64,100,adamw,9.099556785076857,1.5606024821114022,0.018094951073892897,75.52697030000127,73.890625,62824,174.35,0.0,cpu,1,xepjon51,k10_64_32_1,-1
10,103,20,600,480,0.5,2,"[64, 32]",ReLU,1000,0.007088077797052672,1.3356685398284164e-05,0.5,64,100,adamw,9.697377130389214,2.491974290642318,0.023697756664500642,34.52846460000001,32.9375,62824,144.05,0.0,cpu,1,xepjon51,k10_64_32_1,-1
10,103,20,1400,1120,0.5,2,"[64, 32]",ReLU,1000,0.007088077797052672,1.3356685398284164e-05,0.5,64,100,adamw,9.219078794121742,1.6484065740379688,0.020604076301019906,68.5840790000002,66.75,62824,155.1,0.0,cpu,1,xepjon51,k10_64_32_1,-1
10,104,20,600,480,0.5,2,"[64, 32]",ReLU,1000,0.007088077797052672,1.3356685398284164e-05,0.5,64,100,adamw,11.024183541536331,2.897029129758604,0.022548931283715757,35.67532070000016,34.328125,62824,149.85,0.0,cpu,1,xepjon51,k10_64_32_1,-1
10,104,20,1400,1120,0.5,2,"[64, 32]",ReLU,1000,0.007088077797052672,1.3356685398284164e-05,0.5,64,100,adamw,10.39959254860878,1.9771458009920182,0.017784646046860232,73.26751850000437,71.53125,62824,167.45,0.0,cpu,1,xepjon51,k10_64_32_1,-1
10,105,20,600,480,0.5,2,"[64, 32]",ReLU,1000,0.007088077797052672,1.3356685398284164e-05,0.5,64,100,adamw,9.930811166763306,2.2814751866874525,0.02053802879567197,34.333645999999135,33.125,62824,143.7,0.0,cpu,1,xepjon51,k10_64_32_1,-1
10,105,20,1400,1120,0.5,2,"[64, 32]",ReLU,1000,0.007088077797052672,1.3356685398284164e-05,0.5,64,100,adamw,9.092777788639069,1.550955920092716,0.017887433943755186,72.16318550000142,70.65625,62824,172.55,0.0,cpu,1,xepjon51,k10_64_32_1,-1
