arm,in_degree,dag_idx,n_nodes,sample_size,n_fit,alpha,card,seed,split_seed,nn_seed,n_jobs,device,torch_threads,torch_version,code_version,hidden_dims,activation,n_epochs,lr,weight_decay,dropout,batch_size,patience,optimizer,val_loss,train_loss,gen_gap,fit_time_s,fit_cpu_s,stored_params,memory_bytes,stop_epoch_mean,best_epoch_mean,frac_at_ceiling,kl,kl_se,wandb_run_id
48_256x128_lr5e-4,2,101,20,600,480,0.5,2,3915725715,3053710009,3137685234,-1,cpu,1,2.14.0+cu130,033be52+dirty,"[256, 128]",ReLU,1000,0.0005,0.01,0.3,64,20,adamw,9.227725952863691,9.142372488975523,0.0853534638881683,22.37981355500051,20.312000767,687400,5499200,41.9,21.9,0.0,0.0615350784456249,0.0007028907004485,
40_256x128_lr3e-4_3qax,2,101,20,600,480,0.5,2,3915725715,3053710009,3137685234,-1,cpu,1,2.14.0+cu130,033be52+dirty,"[256, 128]",ReLU,1000,0.0003,0.01,0.1,256,20,adamw,9.265450894832613,9.1393381357193,0.1261127591133117,22.734640196000328,20.670499936,687400,5499200,85.3,65.3,0.0,0.0657248578901627,0.0006167687857979,
50_256x128_lr7e-4,2,101,20,600,480,0.5,2,3915725715,3053710009,3137685234,-1,cpu,1,2.14.0+cu130,033be52+dirty,"[256, 128]",ReLU,1000,0.0007,0.01,0.5,64,20,adamw,9.230356842279434,9.14253506064415,0.0878217816352844,22.633990937998533,20.969039289,687400,5499200,43.8,23.8,0.0,0.0707548289913603,0.0006906502287382,
49_256x128_lr6e-4,2,101,20,600,480,0.5,2,3915725715,3053710009,3137685234,-1,cpu,1,2.14.0+cu130,033be52+dirty,"[256, 128]",ReLU,1000,0.0006,0.01,0.5,64,20,adamw,9.233775466680529,9.142591059207916,0.0911844074726104,25.85412393200022,23.003029031,687400,5499200,45.05,25.05,0.0,0.0660226746517596,0.000579480770649,
k6_256_128_25,2,101,20,600,480,0.5,2,3915725715,3053710009,3137685234,-1,cpu,1,2.14.0+cu130,033be52+dirty,"[256, 128]",ReLU,1000,0.0003,0.01,0.1,128,20,adamw,9.246258556842804,9.1414934694767,0.1047650873661041,27.56741073400008,24.731831768,687400,5499200,63.8,43.8,0.0,0.0679040471844726,0.0005471023305571,
k6_128_64_9,2,101,20,600,480,0.5,2,3915725715,3053710009,3137685234,-1,cpu,1,2.14.0+cu130,033be52+dirty,"[128, 64]",ReLU,1000,0.0003,0.01,0.1,128,50,adamw,9.260849058628082,9.124473333358765,0.1363757252693176,30.891105811999296,29.09320926,179880,1439040,169.7,119.7,0.0,0.0600273508580472,0.0003542277425264,
09_256x128_lr3e-4,2,101,20,600,480,0.5,2,3915725715,3053710009,3137685234,-1,cpu,1,2.14.0+cu130,033be52+dirty,"[256, 128]",ReLU,1000,0.0003,0.01,0.0,32,20,adamw,9.231937170028688,9.141344726085665,0.0905924439430236,34.50910888100043,32.395699402,687400,5499200,50.05,30.05,0.0,0.0711368748400192,0.0004475065810027,
12_256x128_lr4e-4,2,101,20,600,480,0.5,2,3915725715,3053710009,3137685234,-1,cpu,1,2.14.0+cu130,033be52+dirty,"[256, 128]",ReLU,1000,0.0004,0.01,0.0,32,20,adamw,9.228299289941788,9.135635793209076,0.0926634967327117,34.84687130900056,33.395918890999994,687400,5499200,46.95,26.95,0.0,0.0675794017791902,0.0003498584967085,
k6_128_64_5,2,101,20,600,480,0.5,2,3915725715,3053710009,3137685234,-1,cpu,1,2.14.0+cu130,033be52+dirty,"[128, 64]",ReLU,1000,0.0003,0.01,0.1,128,100,adamw,9.25670963525772,9.118689566850662,0.1380200684070587,65.1502661200011,59.507319927,179880,1439040,258.5,158.5,0.0,0.0554852477375883,0.0003264652487083,
k6_256_128_25,2,101,20,1400,1120,0.5,2,3915725715,4186612432,2172663865,-1,cpu,1,2.14.0+cu130,033be52+dirty,"[256, 128]",ReLU,1000,0.0003,0.01,0.1,128,20,adamw,8.949786365032196,9.211636334657667,-0.261849969625473,44.36921435300064,41.58903422099999,687400,5499200,67.05,47.05,0.0,0.0375450283180367,0.0001710466181639,
40_256x128_lr3e-4_3qax,2,101,20,1400,1120,0.5,2,3915725715,4186612432,2172663865,-1,cpu,1,2.14.0+cu130,033be52+dirty,"[256, 128]",ReLU,1000,0.0003,0.01,0.1,256,20,adamw,8.948422133922577,9.209703892469406,-0.2612817585468292,44.5881192880006,41.998075392,687400,5499200,76.2,56.2,0.0,0.0366930908989797,0.0002324653613413,
09_256x128_lr3e-4,2,101,20,1400,1120,0.5,2,3915725715,4186612432,2172663865,-1,cpu,1,2.14.0+cu130,033be52+dirty,"[256, 128]",ReLU,1000,0.0003,0.01,0.0,32,20,adamw,8.931811183691025,9.21696189045906,-0.2851507067680359,77.27277360799962,70.56608331,687400,5499200,46.2,26.2,0.0,0.040336544264616,0.0001639966065043,
40_256x128_lr3e-4_5dnk,2,101,20,600,480,0.5,2,3915725715,3053710009,3137685234,-1,cpu,1,2.14.0+cu130,033be52+dirty,"[256, 128]",ReLU,1000,0.0003,0.01,0.3,32,50,adamw,9.224760115146635,9.14151656627655,0.0832435488700866,79.53001772799871,75.027326336,687400,5499200,88.25,38.25,0.0,0.0719901748921689,0.0004324718633153,
48_256x128_lr5e-4,2,101,20,1400,1120,0.5,2,3915725715,4186612432,2172663865,-1,cpu,1,2.14.0+cu130,033be52+dirty,"[256, 128]",ReLU,1000,0.0005,0.01,0.3,64,20,adamw,8.936435043811798,9.23084518313408,-0.2944101393222809,49.273765992000335,45.531620926,687400,5499200,42.1,22.1,0.0,0.0514151393920456,0.0002786790648553,
50_256x128_lr7e-4,2,101,20,1400,1120,0.5,2,3915725715,4186612432,2172663865,-1,cpu,1,2.14.0+cu130,033be52+dirty,"[256, 128]",ReLU,1000,0.0007,0.01,0.5,64,20,adamw,8.927990406751633,9.21660014986992,-0.2886097431182861,55.05949558000066,52.84653755,687400,5499200,43.75,23.75,0.0,0.03889668689358,0.0002813173312432,
49_256x128_lr6e-4,2,101,20,1400,1120,0.5,2,3915725715,4186612432,2172663865,-1,cpu,1,2.14.0+cu130,033be52+dirty,"[256, 128]",ReLU,1000,0.0006,0.01,0.5,64,20,adamw,8.931308686733246,9.223533779382706,-0.2922250926494598,60.49392219800029,58.670045056,687400,5499200,47.4,27.4,0.0,0.0454094043287694,0.0001850901192738,
09_256x128_lr3e-4,2,102,20,600,480,0.5,2,81688376,4122121059,385182252,-1,cpu,1,2.14.0+cu130,033be52+dirty,"[256, 128]",ReLU,1000,0.0003,0.01,0.0,32,20,adamw,8.979094356298447,8.959324806928635,0.019769549369812,25.366355183999985,22.095985864,687400,5499200,45.95,25.95,0.0,0.1422933637076318,0.0011435527913466,
k6_256_128_25,2,102,20,600,480,0.5,2,81688376,4122121059,385182252,-1,cpu,1,2.14.0+cu130,033be52+dirty,"[256, 128]",ReLU,1000,0.0003,0.01,0.1,128,20,adamw,8.995340809226036,9.019305795431135,-0.023964986205101,23.003012397999555,22.552358432999995,687400,5499200,59.65,39.65,0.0,0.1806530851899436,0.0015587466150809,
12_256x128_lr4e-4,2,101,20,1400,1120,0.5,2,3915725715,4186612432,2172663865,-1,cpu,1,2.14.0+cu130,033be52+dirty,"[256, 128]",ReLU,1000,0.0004,0.01,0.0,32,20,adamw,8.926121413707733,9.221713453531263,-0.2955920398235321,88.46712289400057,79.83484051699999,687400,5499200,46.1,26.1,0.0,0.0410247214543457,0.0001761061236432,
40_256x128_lr3e-4_3qax,2,102,20,600,480,0.5,2,81688376,4122121059,385182252,-1,cpu,1,2.14.0+cu130,033be52+dirty,"[256, 128]",ReLU,1000,0.0003,0.01,0.1,256,20,adamw,9.00188860297203,9.022542208433151,-0.0206536054611206,21.69444913799998,20.077248622,687400,5499200,89.75,69.75,0.0,0.1880506005617991,0.0015330345579735,
12_256x128_lr4e-4,2,102,20,600,480,0.5,2,81688376,4122121059,385182252,-1,cpu,1,2.14.0+cu130,033be52+dirty,"[256, 128]",ReLU,1000,0.0004,0.01,0.0,32,20,adamw,8.973308309912682,8.97661429643631,-0.0033059865236282,28.954273899998952,27.345935889000003,687400,5499200,42.95,22.95,0.0,0.155174387322232,0.0012073776711615,
48_256x128_lr5e-4,2,102,20,600,480,0.5,2,81688376,4122121059,385182252,-1,cpu,1,2.14.0+cu130,033be52+dirty,"[256, 128]",ReLU,1000,0.0005,0.01,0.3,64,20,adamw,8.976860970258713,8.982066005468369,-0.0052050352096557,22.373286688000007,20.799273363999987,687400,5499200,49.7,29.7,0.0,0.1717264992846585,0.0012446963286744,
49_256x128_lr6e-4,2,102,20,600,480,0.5,2,81688376,4122121059,385182252,-1,cpu,1,2.14.0+cu130,033be52+dirty,"[256, 128]",ReLU,1000,0.0006,0.01,0.5,64,20,adamw,8.98941995203495,9.017157286405563,-0.027737334370613,29.584529765999832,28.60430112,687400,5499200,48.5,28.5,0.0,0.2016340820632663,0.0015587537658802,
k6_128_64_9,2,101,20,1400,1120,0.5,2,3915725715,4186612432,2172663865,-1,cpu,1,2.14.0+cu130,033be52+dirty,"[128, 64]",ReLU,1000,0.0003,0.01,0.1,128,50,adamw,8.95467522740364,9.208071947097778,-0.2533967196941376,66.89989214399975,61.95924244200002,179880,1439040,133.85,83.85,0.0,0.0335283950617238,0.0001427025789418,
50_256x128_lr7e-4,2,102,20,600,480,0.5,2,81688376,4122121059,385182252,-1,cpu,1,2.14.0+cu130,033be52+dirty,"[256, 128]",ReLU,1000,0.0007,0.01,0.5,64,20,adamw,8.96860621869564,9.002233862876892,-0.0336276441812515,31.111215468999944,30.014549961,687400,5499200,56.4,36.4,0.0,0.1890461764507347,0.001566088120769,
25_256x128_lr3e-4,2,101,20,600,480,0.5,2,3915725715,3053710009,3137685234,-1,cpu,1,2.14.0+cu130,033be52+dirty,"[256, 128]",ReLU,1000,0.0003,0.01,0.0,32,100,adamw,9.220107197761536,9.139439791440964,0.0806674063205719,153.0003619349991,140.312182914,687400,5499200,172.9,72.9,0.0,0.0659976770679695,0.0003647256511264,
k6_128_64_9,2,102,20,600,480,0.5,2,81688376,4122121059,385182252,-1,cpu,1,2.14.0+cu130,033be52+dirty,"[128, 64]",ReLU,1000,0.0003,0.01,0.1,128,50,adamw,9.01168778538704,8.99144622683525,0.0202415585517883,32.85006850999889,30.184910013000007,179880,1439040,158.35,108.35,0.0,0.1625669795385095,0.0013742844715582,
40_256x128_lr3e-4_5dnk,2,102,20,600,480,0.5,2,81688376,4122121059,385182252,-1,cpu,1,2.14.0+cu130,033be52+dirty,"[256, 128]",ReLU,1000,0.0003,0.01,0.3,32,50,adamw,8.985983744263649,8.904291868209839,0.0816918760538101,81.8939056700001,77.276617614,687400,5499200,99.7,49.7,0.0,0.1114525739752736,0.0006942085293237,
k6_128_64_5,2,101,20,1400,1120,0.5,2,3915725715,4186612432,2172663865,-1,cpu,1,2.14.0+cu130,033be52+dirty,"[128, 64]",ReLU,1000,0.0003,0.01,0.1,128,100,adamw,8.952893495559692,9.206609100103378,-0.2537156045436859,107.24081996699896,99.837299603,179880,1439040,232.8,132.8,0.0,0.0313107669840108,0.0001273118733678,
k6_256_128_25,2,102,20,1400,1120,0.5,2,81688376,2114251203,2229541875,-1,cpu,1,2.14.0+cu130,033be52+dirty,"[256, 128]",ReLU,1000,0.0003,0.01,0.1,128,20,adamw,8.829050287604332,8.992544829845428,-0.1634945422410965,44.56671619900044,41.26855114499999,687400,5499200,54.1,34.1,0.0,0.0480404429603301,0.000303788101813,
k6_128_64_5,2,102,20,600,480,0.5,2,81688376,4122121059,385182252,-1,cpu,1,2.14.0+cu130,033be52+dirty,"[128, 64]",ReLU,1000,0.0003,0.01,0.1,128,100,adamw,9.006785839796066,8.989120960235596,0.0176648795604705,59.35281305200078,54.547105098,179880,1439040,263.9,163.9,0.0,0.1614539464978892,0.0013903234366009,
40_256x128_lr3e-4_3qax,2,102,20,1400,1120,0.5,2,81688376,2114251203,2229541875,-1,cpu,1,2.14.0+cu130,033be52+dirty,"[256, 128]",ReLU,1000,0.0003,0.01,0.1,256,20,adamw,8.827884003520012,8.993664622306824,-0.1657806187868118,39.78307102200051,36.543863149,687400,5499200,64.6,44.6,0.0,0.0437907056851921,0.0002444705449056,
09_256x128_lr3e-4,2,102,20,1400,1120,0.5,2,81688376,2114251203,2229541875,-1,cpu,1,2.14.0+cu130,033be52+dirty,"[256, 128]",ReLU,1000,0.0003,0.01,0.0,32,20,adamw,8.814836397767067,8.996052622795105,-0.181216225028038,73.70079267799883,66.76727918,687400,5499200,42.75,22.75,0.0,0.0494937904083374,0.0002216358192885,
40_256x128_lr3e-4_5dnk,2,101,20,1400,1120,0.5,2,3915725715,4186612432,2172663865,-1,cpu,1,2.14.0+cu130,033be52+dirty,"[256, 128]",ReLU,1000,0.0003,0.01,0.3,32,50,adamw,8.935956567525864,9.2217238843441,-0.2857673168182373,172.10227671100074,161.468285257,687400,5499200,84.7,34.7,0.0,0.0432174727222892,0.0001878736277126,
25_256x128_lr3e-4,2,102,20,600,480,0.5,2,81688376,4122121059,385182252,-1,cpu,1,2.14.0+cu130,033be52+dirty,"[256, 128]",ReLU,1000,0.0003,0.01,0.0,32,100,adamw,8.979520499706268,8.952721357345581,0.0267991423606872,121.9774242200001,113.771509795,687400,5499200,147.55,47.55,0.0,0.1466278238167174,0.0011414871992945,
48_256x128_lr5e-4,2,102,20,1400,1120,0.5,2,81688376,2114251203,2229541875,-1,cpu,1,2.14.0+cu130,033be52+dirty,"[256, 128]",ReLU,1000,0.0005,0.01,0.3,64,20,adamw,8.826693698763847,8.995152443647385,-0.1684587448835373,50.54165427000044,47.40566093200002,687400,5499200,44.0,24.0,0.0,0.0510805806642777,0.0002099581187396,
k6_256_128_25,2,103,20,600,480,0.5,2,3104514175,2286514907,3041948807,-1,cpu,1,2.14.0+cu130,033be52+dirty,"[256, 128]",ReLU,1000,0.0003,0.01,0.1,128,20,adamw,7.528487561736256,7.38157257810235,0.1469149836339056,30.8575892129993,29.14092958800001,687400,5499200,77.4,57.4,0.0,0.1341977586697575,0.0008488950007654,
50_256x128_lr7e-4,2,102,20,1400,1120,0.5,2,81688376,2114251203,2229541875,-1,cpu,1,2.14.0+cu130,033be52+dirty,"[256, 128]",ReLU,1000,0.0007,0.01,0.5,64,20,adamw,8.840633675456047,8.998089492321014,-0.1574558168649673,50.84064893300092,47.57199909900001,687400,5499200,46.8,26.8,0.0,0.0518505471133151,0.0002994669133557,
09_256x128_lr3e-4,2,103,20,600,480,0.5,2,3104514175,2286514907,3041948807,-1,cpu,1,2.14.0+cu130,033be52+dirty,"[256, 128]",ReLU,1000,0.0003,0.01,0.0,32,20,adamw,7.50400792947039,7.371109534054995,0.1328983954153955,35.16822307399889,32.219504758,687400,5499200,50.65,30.65,0.0,0.1084374307122139,0.0006599071293773,
12_256x128_lr4e-4,2,102,20,1400,1120,0.5,2,81688376,2114251203,2229541875,-1,cpu,1,2.14.0+cu130,033be52+dirty,"[256, 128]",ReLU,1000,0.0004,0.01,0.0,32,20,adamw,8.809077039361,9.004206895828247,-0.195129856467247,79.59316296399993,75.613428129,687400,5499200,40.95,20.95,0.0,0.0578462680469243,0.0003272866834278,
49_256x128_lr6e-4,2,102,20,1400,1120,0.5,2,81688376,2114251203,2229541875,-1,cpu,1,2.14.0+cu130,033be52+dirty,"[256, 128]",ReLU,1000,0.0006,0.01,0.5,64,20,adamw,8.841847330331802,8.991615206003189,-0.1497678756713867,61.12979396100127,56.884181274000014,687400,5499200,45.0,25.0,0.0,0.0482316108862617,0.0002257316056746,
k6_128_64_9,2,102,20,1400,1120,0.5,2,81688376,2114251203,2229541875,-1,cpu,1,2.14.0+cu130,033be52+dirty,"[128, 64]",ReLU,1000,0.0003,0.01,0.1,128,50,adamw,8.846812769770622,8.983775824308395,-0.1369630545377731,52.8939129040009,48.538560351,179880,1439040,110.7,60.7,0.0,0.0438557740971116,0.0002532945904614,
40_256x128_lr3e-4_3qax,2,103,20,600,480,0.5,2,3104514175,2286514907,3041948807,-1,cpu,1,2.14.0+cu130,033be52+dirty,"[256, 128]",ReLU,1000,0.0003,0.01,0.1,256,20,adamw,7.547832968644798,7.390760153532028,0.1570728151127696,21.272537950000697,20.011461274,687400,5499200,97.55,77.55,0.0,0.1305362527888969,0.000625702506606,
50_256x128_lr7e-4,2,103,20,600,480,0.5,2,3104514175,2286514907,3041948807,-1,cpu,1,2.14.0+cu130,033be52+dirty,"[256, 128]",ReLU,1000,0.0007,0.01,0.5,64,20,adamw,7.481343687977642,7.424503527581692,0.05684016039595,22.32913110700065,21.356747507999984,687400,5499200,42.7,22.7,0.0,0.1555087090922111,0.0009289067979575,
49_256x128_lr6e-4,2,103,20,600,480,0.5,2,3104514175,2286514907,3041948807,-1,cpu,1,2.14.0+cu130,033be52+dirty,"[256, 128]",ReLU,1000,0.0006,0.01,0.5,64,20,adamw,7.486196151701733,7.440832260996103,0.0453638907056301,23.291748468998776,20.70276382,687400,5499200,47.9,27.9,0.0,0.1785567008490513,0.0011434753202714,
48_256x128_lr5e-4,2,103,20,600,480,0.5,2,3104514175,2286514907,3041948807,-1,cpu,1,2.14.0+cu130,033be52+dirty,"[256, 128]",ReLU,1000,0.0005,0.01,0.3,64,20,adamw,7.496903725434095,7.429813193157315,0.0670905322767794,27.371929544000523,25.228286774999987,687400,5499200,47.0,27.0,0.0,0.1714826004831032,0.0009427857846574,
12_256x128_lr4e-4,2,103,20,600,480,0.5,2,3104514175,2286514907,3041948807,-1,cpu,1,2.14.0+cu130,033be52+dirty,"[256, 128]",ReLU,1000,0.0004,0.01,0.0,32,20,adamw,7.500717708840966,7.370597846806049,0.1301198620349168,38.118891131000055,36.306496152,687400,5499200,44.05,24.05,0.0,0.1271674501283514,0.0007111669534951,
k6_128_64_5,2,102,20,1400,1120,0.5,2,81688376,2114251203,2229541875,-1,cpu,1,2.14.0+cu130,033be52+dirty,"[128, 64]",ReLU,1000,0.0003,0.01,0.1,128,100,adamw,8.843587920069695,8.977225840091705,-0.1336379200220108,97.98515586599932,91.39825548,179880,1439040,192.3,92.3,0.0,0.0392835757028915,0.0001941083194913,
40_256x128_lr3e-4_5dnk,2,103,20,600,480,0.5,2,3104514175,2286514907,3041948807,-1,cpu,1,2.14.0+cu130,033be52+dirty,"[256, 128]",ReLU,1000,0.0003,0.01,0.3,32,50,adamw,7.497018379159272,7.393821306526661,0.1031970726326108,76.20376383800067,70.29561232100002,687400,5499200,96.1,46.1,0.0,0.1484339415889478,0.0010681709333914,
k6_128_64_9,2,103,20,600,480,0.5,2,3104514175,2286514907,3041948807,-1,cpu,1,2.14.0+cu130,033be52+dirty,"[128, 64]",ReLU,1000,0.0003,0.01,0.1,128,50,adamw,7.543847678694874,7.377131847664714,0.1667158310301602,42.29379328699906,40.80153134500003,179880,1439040,179.6,129.6,0.0,0.1220286882854562,0.000783211261669,
k6_256_128_25,2,103,20,1400,1120,0.5,2,3104514175,3617749280,881824625,-1,cpu,1,2.14.0+cu130,033be52+dirty,"[256, 128]",ReLU,1000,0.0003,0.01,0.1,128,20,adamw,7.424301311373711,7.478031039237976,-0.0537297278642654,35.53498354099975,33.206725129000006,687400,5499200,48.9,28.9,0.0,0.037358164575701,0.0003069950718827,
k6_128_64_5,2,103,20,600,480,0.5,2,3104514175,2286514907,3041948807,-1,cpu,1,2.14.0+cu130,033be52+dirty,"[128, 64]",ReLU,1000,0.0003,0.01,0.1,128,100,adamw,7.536269168369472,7.37615717574954,0.1601119926199317,61.91812341500008,58.82584445699996,179880,1439040,268.8,168.8,0.0,0.1277627896828735,0.0007766630873973,
12_256x128_lr4e-4,2,103,20,1400,1120,0.5,2,3104514175,3617749280,881824625,-1,cpu,1,2.14.0+cu130,033be52+dirty,"[256, 128]",ReLU,1000,0.0004,0.01,0.0,32,20,adamw,7.421330307610333,7.49510333314538,-0.073773025535047,40.36860834000072,38.918086846999984,687400,5499200,32.6,12.6,0.0,0.0525383937343626,0.0003097511806801,
40_256x128_lr3e-4_5dnk,2,102,20,1400,1120,0.5,2,81688376,2114251203,2229541875,-1,cpu,1,2.14.0+cu130,033be52+dirty,"[256, 128]",ReLU,1000,0.0003,0.01,0.3,32,50,adamw,8.81896424293518,8.990916639566422,-0.1719523966312408,175.7422798539992,165.654297481,687400,5499200,83.1,33.1,0.0,0.0492941006045756,0.0002357413507686,
40_256x128_lr3e-4_3qax,2,103,20,1400,1120,0.5,2,3104514175,3617749280,881824625,-1,cpu,1,2.14.0+cu130,033be52+dirty,"[256, 128]",ReLU,1000,0.0003,0.01,0.1,256,20,adamw,7.423258051276207,7.482540462166071,-0.0592824108898639,38.38764458600053,37.73023378799997,687400,5499200,60.35,40.35,0.0,0.036950737367365,0.0002848329054102,
09_256x128_lr3e-4,2,103,20,1400,1120,0.5,2,3104514175,3617749280,881824625,-1,cpu,1,2.14.0+cu130,033be52+dirty,"[256, 128]",ReLU,1000,0.0003,0.01,0.0,32,20,adamw,7.420004923827946,7.4919991083443165,-0.0719941845163703,76.5470648340015,72.53667645499999,687400,5499200,40.45,20.45,0.0,0.0523777360648348,0.0002757269976351,
48_256x128_lr5e-4,2,103,20,1400,1120,0.5,2,3104514175,3617749280,881824625,-1,cpu,1,2.14.0+cu130,033be52+dirty,"[256, 128]",ReLU,1000,0.0005,0.01,0.3,64,20,adamw,7.418050310341641,7.487429734319448,-0.0693794239778071,44.337014079001165,40.858781945999965,687400,5499200,37.95,17.95,0.0,0.0457616326001336,0.000315857475787,
49_256x128_lr6e-4,2,103,20,1400,1120,0.5,2,3104514175,3617749280,881824625,-1,cpu,1,2.14.0+cu130,033be52+dirty,"[256, 128]",ReLU,1000,0.0006,0.01,0.5,64,20,adamw,7.418792303884402,7.499471571296453,-0.0806792674120515,47.62164831100017,45.64310165900002,687400,5499200,36.6,16.6,0.0,0.0549198938523342,0.0003905808756726,
50_256x128_lr7e-4,2,103,20,1400,1120,0.5,2,3104514175,3617749280,881824625,-1,cpu,1,2.14.0+cu130,033be52+dirty,"[256, 128]",ReLU,1000,0.0007,0.01,0.5,64,20,adamw,7.421522825956345,7.491945132613182,-0.0704223066568374,41.69335507999858,39.358341749999965,687400,5499200,33.7,13.7,0.0,0.0537047009553411,0.000344590517656,
k6_256_128_25,2,104,20,600,480,0.5,2,858388445,3027901652,346730074,-1,cpu,1,2.14.0+cu130,033be52+dirty,"[256, 128]",ReLU,1000,0.0003,0.01,0.1,128,20,adamw,6.007325973361731,5.957757283002138,0.0495686903595924,18.275869901000988,17.367098802999976,687400,5499200,68.95,48.95,0.0,0.118542066390709,0.0012955325248915,
25_256x128_lr3e-4,2,103,20,600,480,0.5,2,3104514175,2286514907,3041948807,-1,cpu,1,2.14.0+cu130,033be52+dirty,"[256, 128]",ReLU,1000,0.0003,0.01,0.0,32,100,adamw,7.492883226368576,7.370347471907735,0.1225357544608414,161.78299397299998,152.70723947300002,687400,5499200,180.0,80.0,0.0,0.1359368209077346,0.0013604051667402,
40_256x128_lr3e-4_3qax,2,104,20,600,480,0.5,2,858388445,3027901652,346730074,-1,cpu,1,2.14.0+cu130,033be52+dirty,"[256, 128]",ReLU,1000,0.0003,0.01,0.1,256,20,adamw,6.009571511298418,5.963367071002722,0.0462044402956962,18.467360354999983,18.339933454000004,687400,5499200,97.55,77.55,0.0,0.1274909061021444,0.0012629109214537,
25_256x128_lr3e-4,2,101,20,1400,1120,0.5,2,3915725715,4186612432,2172663865,-1,cpu,1,2.14.0+cu130,033be52+dirty,"[256, 128]",ReLU,1000,0.0003,0.01,0.0,32,100,adamw,8.928358972072601,9.211074650287628,-0.2827156782150268,350.41789383499963,325.010345694,687400,5499200,163.65,63.65,0.0,0.0357450518133674,0.000160207326453,
09_256x128_lr3e-4,2,104,20,600,480,0.5,2,858388445,3027901652,346730074,-1,cpu,1,2.14.0+cu130,033be52+dirty,"[256, 128]",ReLU,1000,0.0003,0.01,0.0,32,20,adamw,5.991417214274406,5.944118283689022,0.0472989305853843,50.46963454200159,48.97213047399998,687400,5499200,56.0,36.0,0.0,0.1143802202200965,0.0010945298619375,
k6_128_64_9,2,103,20,1400,1120,0.5,2,3104514175,3617749280,881824625,-1,cpu,1,2.14.0+cu130,033be52+dirty,"[128, 64]",ReLU,1000,0.0003,0.01,0.1,128,50,adamw,7.433940220158547,7.475791819393635,-0.0418515992350876,61.85058853299961,58.95090154999997,179880,1439040,116.5,66.5,0.0,0.0333069109062366,0.0002278789087848,
12_256x128_lr4e-4,2,104,20,600,480,0.5,2,858388445,3027901652,346730074,-1,cpu,1,2.14.0+cu130,033be52+dirty,"[256, 128]",ReLU,1000,0.0004,0.01,0.0,32,20,adamw,6.000412747263908,5.995611518621445,0.0048012286424636,34.93331759100147,33.79801300500003,687400,5499200,46.5,26.5,0.0,0.1640344408640139,0.0012833774294222,
49_256x128_lr6e-4,2,104,20,600,480,0.5,2,858388445,3027901652,346730074,-1,cpu,1,2.14.0+cu130,033be52+dirty,"[256, 128]",ReLU,1000,0.0006,0.01,0.5,64,20,adamw,6.005893345922232,5.944818947464228,0.061074398458004,20.22841389000132,19.546659730999977,687400,5499200,50.5,30.5,0.0,0.120918725351077,0.0015435308467581,
48_256x128_lr5e-4,2,104,20,600,480,0.5,2,858388445,3027901652,346730074,-1,cpu,1,2.14.0+cu130,033be52+dirty,"[256, 128]",ReLU,1000,0.0005,0.01,0.3,64,20,adamw,5.991592153906822,5.936992220580578,0.0545999333262443,27.92114736000076,27.130793607999976,687400,5499200,47.45,27.45,0.0,0.111776543769926,0.0014215828595419,
50_256x128_lr7e-4,2,104,20,600,480,0.5,2,858388445,3027901652,346730074,-1,cpu,1,2.14.0+cu130,033be52+dirty,"[256, 128]",ReLU,1000,0.0007,0.01,0.5,64,20,adamw,6.003816220909357,5.981239657849073,0.0225765630602836,21.55519010399985,20.85401720499999,687400,5499200,43.1,23.1,0.0,0.1504184372784393,0.0012872943198331,
k6_128_64_5,2,103,20,1400,1120,0.5,2,3104514175,3617749280,881824625,-1,cpu,1,2.14.0+cu130,033be52+dirty,"[128, 64]",ReLU,1000,0.0003,0.01,0.1,128,100,adamw,7.432992570102215,7.474070735275745,-0.0410781651735305,94.99854497999875,92.04205127299996,179880,1439040,202.0,102.0,0.0,0.0378276338442349,0.0002673245939452,
40_256x128_lr3e-4_5dnk,2,104,20,600,480,0.5,2,858388445,3027901652,346730074,-1,cpu,1,2.14.0+cu130,033be52+dirty,"[256, 128]",ReLU,1000,0.0003,0.01,0.3,32,50,adamw,5.995979022234678,5.927077427506447,0.0689015947282314,74.9535217270004,72.63388309599998,687400,5499200,100.5,50.5,0.0,0.1051889370180513,0.001378715354426,
25_256x128_lr3e-4,2,102,20,1400,1120,0.5,2,81688376,2114251203,2229541875,-1,cpu,1,2.14.0+cu130,033be52+dirty,"[256, 128]",ReLU,1000,0.0003,0.01,0.0,32,100,adamw,8.811398223042488,8.989961683750153,-0.1785634607076645,282.8428690719993,270.081649458,687400,5499200,147.35,47.35,0.0,0.0446962590749755,0.0002271149346346,
k6_128_64_9,2,104,20,600,480,0.5,2,858388445,3027901652,346730074,-1,cpu,1,2.14.0+cu130,033be52+dirty,"[128, 64]",ReLU,1000,0.0003,0.01,0.1,128,50,adamw,6.008418254554272,5.955707170069218,0.052711084485054,37.76429837899923,36.98080671700001,179880,1439040,154.25,104.25,0.0,0.1297344521491943,0.0012048012301496,
k6_256_128_25,2,104,20,1400,1120,0.5,2,858388445,4176011686,490887775,-1,cpu,1,2.14.0+cu130,033be52+dirty,"[256, 128]",ReLU,1000,0.0003,0.01,0.1,128,20,adamw,6.148208126425743,5.819127801805735,0.3290803246200084,38.21493569000086,37.303569177999975,687400,5499200,62.55,42.55,0.0,0.0354766104962436,0.0005379517771565,
k6_128_64_5,2,104,20,600,480,0.5,2,858388445,3027901652,346730074,-1,cpu,1,2.14.0+cu130,033be52+dirty,"[128, 64]",ReLU,1000,0.0003,0.01,0.1,128,100,adamw,6.007518831640482,5.9562759809196,0.0512428507208824,55.05181075299879,53.88664264699997,179880,1439040,220.9,120.9,0.0,0.1312591267538207,0.0012198478893626,
40_256x128_lr3e-4_5dnk,2,103,20,1400,1120,0.5,2,3104514175,3617749280,881824625,-1,cpu,1,2.14.0+cu130,033be52+dirty,"[256, 128]",ReLU,1000,0.0003,0.01,0.3,32,50,adamw,7.415037202881649,7.4837158434093,-0.0686786405276507,171.3968470359996,163.601025087,687400,5499200,80.6,30.6,0.0,0.0471398425524395,0.0003051949629145,
40_256x128_lr3e-4_3qax,2,104,20,1400,1120,0.5,2,858388445,4176011686,490887775,-1,cpu,1,2.14.0+cu130,033be52+dirty,"[256, 128]",ReLU,1000,0.0003,0.01,0.1,256,20,adamw,6.154122192412615,5.836423177272081,0.3176990151405334,46.15855980699962,41.80048859000004,687400,5499200,76.05,56.05,0.0,0.0474090720224843,0.0007203856388272,
25_256x128_lr3e-4,2,104,20,600,480,0.5,2,858388445,3027901652,346730074,-1,cpu,1,2.14.0+cu130,033be52+dirty,"[256, 128]",ReLU,1000,0.0003,0.01,0.0,32,100,adamw,5.987543798983097,5.941996458917856,0.0455473400652408,140.97539801499988,130.399316225,687400,5499200,185.4,85.4,0.0,0.1355949696456391,0.0016842860514349,
09_256x128_lr3e-4,2,104,20,1400,1120,0.5,2,858388445,4176011686,490887775,-1,cpu,1,2.14.0+cu130,033be52+dirty,"[256, 128]",ReLU,1000,0.0003,0.01,0.0,32,20,adamw,6.1353347934782505,5.845056593418121,0.2902782000601291,91.811516836,83.16600446300004,687400,5499200,51.2,31.2,0.0,0.0625431579751601,0.0004892530289606,
48_256x128_lr5e-4,2,104,20,1400,1120,0.5,2,858388445,4176011686,490887775,-1,cpu,1,2.14.0+cu130,033be52+dirty,"[256, 128]",ReLU,1000,0.0005,0.01,0.3,64,20,adamw,6.139491684734821,5.820537459105253,0.3189542256295681,64.9184683780004,57.44541260599999,687400,5499200,48.6,28.6,0.0,0.0344644184580106,0.0004231451798599,
12_256x128_lr4e-4,2,104,20,1400,1120,0.5,2,858388445,4176011686,490887775,-1,cpu,1,2.14.0+cu130,033be52+dirty,"[256, 128]",ReLU,1000,0.0004,0.01,0.0,32,20,adamw,6.135115340352058,5.8400010503828526,0.2951142899692058,73.16496168699996,66.99841309300001,687400,5499200,47.05,27.05,0.0,0.0469140642490353,0.0005264003272392,
49_256x128_lr6e-4,2,104,20,1400,1120,0.5,2,858388445,4176011686,490887775,-1,cpu,1,2.14.0+cu130,033be52+dirty,"[256, 128]",ReLU,1000,0.0006,0.01,0.5,64,20,adamw,6.1370019018650055,5.829092014580965,0.3079098872840404,68.75677303200064,63.04310365999999,687400,5499200,46.75,26.75,0.0,0.0419707647920204,0.0004569014406936,
09_256x128_lr3e-4,2,105,20,600,480,0.5,2,937015128,116449958,1340356435,-1,cpu,1,2.14.0+cu130,033be52+dirty,"[256, 128]",ReLU,1000,0.0003,0.01,0.0,32,20,adamw,5.659150306368247,6.064188648015261,-0.405038341647014,30.901408126001115,27.174950431000013,687400,5499200,46.3,26.3,0.0,0.1400170047493623,0.0054342057136978,
50_256x128_lr7e-4,2,104,20,1400,1120,0.5,2,858388445,4176011686,490887775,-1,cpu,1,2.14.0+cu130,033be52+dirty,"[256, 128]",ReLU,1000,0.0007,0.01,0.5,64,20,adamw,6.137275900691748,5.835465539246798,0.3018103614449501,70.46636960400065,64.57435150399999,687400,5499200,56.15,36.15,0.0,0.0495972804496023,0.000692203730942,
k6_256_128_25,2,105,20,600,480,0.5,2,937015128,116449958,1340356435,-1,cpu,1,2.14.0+cu130,033be52+dirty,"[256, 128]",ReLU,1000,0.0003,0.01,0.1,128,20,adamw,5.673031902406365,6.065192176960409,-0.392160274554044,25.09607486599998,23.301365601000043,687400,5499200,62.9,42.9,0.0,0.117989831730339,0.0046868864462689,
40_256x128_lr3e-4_3qax,2,105,20,600,480,0.5,2,937015128,116449958,1340356435,-1,cpu,1,2.14.0+cu130,033be52+dirty,"[256, 128]",ReLU,1000,0.0003,0.01,0.1,256,20,adamw,5.690551845356822,6.115032998844981,-0.4244811534881592,21.94344939499933,20.36456275400002,687400,5499200,97.65,77.65,0.0,0.1560529383103132,0.004935536243155,
k6_128_64_9,2,104,20,1400,1120,0.5,2,858388445,4176011686,490887775,-1,cpu,1,2.14.0+cu130,033be52+dirty,"[128, 64]",ReLU,1000,0.0003,0.01,0.1,128,50,adamw,6.155840206891298,5.840087421238422,0.3157527856528759,78.84906952900019,69.74554100099999,179880,1439040,140.9,90.9,0.0,0.0617066751620592,0.0005828608571639,
12_256x128_lr4e-4,2,105,20,600,480,0.5,2,937015128,116449958,1340356435,-1,cpu,1,2.14.0+cu130,033be52+dirty,"[256, 128]",ReLU,1000,0.0004,0.01,0.0,32,20,adamw,5.6508925727102906,6.038974112831056,-0.3880815401207655,32.13538840000001,30.171092568999995,687400,5499200,44.75,24.75,0.0,0.138747880921734,0.0063978358880993,
48_256x128_lr5e-4,2,105,20,600,480,0.5,2,937015128,116449958,1340356435,-1,cpu,1,2.14.0+cu130,033be52+dirty,"[256, 128]",ReLU,1000,0.0005,0.01,0.3,64,20,adamw,5.625324950902723,6.1043084021657705,-0.4789834512630477,25.22189024399995,22.754886086,687400,5499200,48.2,28.2,0.0,0.180651359089929,0.0060856786091019,
49_256x128_lr6e-4,2,105,20,600,480,0.5,2,937015128,116449958,1340356435,-1,cpu,1,2.14.0+cu130,033be52+dirty,"[256, 128]",ReLU,1000,0.0006,0.01,0.5,64,20,adamw,5.619226441835053,6.108431896194816,-0.4892054543597623,23.019483558000505,21.505025450000005,687400,5499200,45.9,25.9,0.0,0.1760299799267102,0.0063301132296994,
50_256x128_lr7e-4,2,105,20,600,480,0.5,2,937015128,116449958,1340356435,-1,cpu,1,2.14.0+cu130,033be52+dirty,"[256, 128]",ReLU,1000,0.0007,0.01,0.5,64,20,adamw,5.620684370282106,6.114067221060395,-0.4933828507782891,25.01182257900109,24.605407970000044,687400,5499200,41.4,21.4,0.0,0.1948358396942504,0.00719169400074,
40_256x128_lr3e-4_5dnk,2,105,20,600,480,0.5,2,937015128,116449958,1340356435,-1,cpu,1,2.14.0+cu130,033be52+dirty,"[256, 128]",ReLU,1000,0.0003,0.01,0.3,32,50,adamw,5.643242360907607,6.067240823991597,-0.4239984630839899,71.21292777900089,65.39498962100004,687400,5499200,98.55,48.55,0.0,0.1700615431913754,0.0087376022892798,
k6_128_64_9,2,105,20,600,480,0.5,2,937015128,116449958,1340356435,-1,cpu,1,2.14.0+cu130,033be52+dirty,"[128, 64]",ReLU,1000,0.0003,0.01,0.1,128,50,adamw,5.684457736206241,6.040428450331092,-0.3559707141248509,38.057466663000014,36.77407590499996,179880,1439040,171.45,121.45,0.0,0.1216778407905223,0.0061986649165008,
k6_128_64_5,2,105,20,600,480,0.5,2,937015128,116449958,1340356435,-1,cpu,1,2.14.0+cu130,033be52+dirty,"[128, 64]",ReLU,1000,0.0003,0.01,0.1,128,100,adamw,5.67600261035841,6.032715868204832,-0.3567132578464225,50.81130001400015,48.24163666200002,179880,1439040,273.75,173.75,0.0,0.1256800841314392,0.0059906751133088,
25_256x128_lr3e-4,2,103,20,1400,1120,0.5,2,3104514175,3617749280,881824625,-1,cpu,1,2.14.0+cu130,033be52+dirty,"[256, 128]",ReLU,1000,0.0003,0.01,0.0,32,100,adamw,7.41841481719166,7.481265179812908,-0.0628503626212477,312.4553631859999,289.661027648,687400,5499200,166.55,66.55,0.0,0.0518622535537052,0.0004020501113471,
k6_128_64_5,2,104,20,1400,1120,0.5,2,858388445,4176011686,490887775,-1,cpu,1,2.14.0+cu130,033be52+dirty,"[128, 64]",ReLU,1000,0.0003,0.01,0.1,128,100,adamw,6.1528492122888565,5.837964583188295,0.3148846291005611,138.6617551039999,131.16950909899998,179880,1439040,247.8,147.8,0.0,0.061812947283757,0.0005802174750111,
k6_256_128_25,2,105,20,1400,1120,0.5,2,937015128,4002167626,2268781491,-1,cpu,1,2.14.0+cu130,033be52+dirty,"[256, 128]",ReLU,1000,0.0003,0.01,0.1,128,20,adamw,5.825611013919115,6.078264974057674,-0.2526539601385593,55.62046624999857,50.81549043400008,687400,5499200,67.2,47.2,0.0,0.053153896963475,0.0028863170598764,
40_256x128_lr3e-4_5dnk,2,104,20,1400,1120,0.5,2,858388445,4176011686,490887775,-1,cpu,1,2.14.0+cu130,033be52+dirty,"[256, 128]",ReLU,1000,0.0003,0.01,0.3,32,50,adamw,6.13837581127882,5.825006894767284,0.3133689165115356,192.847612562,177.31470460900005,687400,5499200,92.95,42.95,0.0,0.0448509728727493,0.0004943560666248,
40_256x128_lr3e-4_3qax,2,105,20,1400,1120,0.5,2,937015128,4002167626,2268781491,-1,cpu,1,2.14.0+cu130,033be52+dirty,"[256, 128]",ReLU,1000,0.0003,0.01,0.1,256,20,adamw,5.826285760849714,6.073979865759611,-0.24769410490989685,49.15245832599976,46.134031456,687400,5499200,86.95,66.95,0.0,0.04843196765197348,0.002699706683204335,
