estimator,hidden_dims,activation,dag_idx,n_nodes,in_degree,alpha,sample_size,n_fit,density,kl,kl_se,fit_time_s,fit_rss_delta_bytes,stored_params,free_params,memory_bytes,memory_bytes_native,stop_epoch_mean,frac_at_ceiling
mle,,,1,5,2,0.5,1000,800,0.7,0.0433138394185373,0.0007934318463881,0.0437115360000461,135168,30,15,240,240,,
nn_linear,[],linear,1,5,2,0.5,1000,800,0.7,0.0962208717816582,0.0030968519455614,15.83950571799869,294912,40,40,320,160,200.0,1.0
nn_32_relu,[32],ReLU,1,5,2,0.5,1000,800,0.7,0.0211347070296424,0.0007657856749543,8.667130828000154,77824,970,970,7760,3880,70.2,0.0
mle,,,2,5,2,0.5,1000,800,0.7,0.0115915077741884,0.0002385322641085,0.0277594029994361,8192,30,15,240,240,,
nn_linear,[],linear,2,5,2,0.5,1000,800,0.7,0.0229432325949264,0.0005130112203958,15.21345250900049,4096,40,40,320,160,180.0,0.6
nn_32_relu,[32],ReLU,2,5,2,0.5,1000,800,0.7,0.0083944877719959,9.772241736902084e-05,9.981065848000071,28672,970,970,7760,3880,83.0,0.0
mle,,,3,5,2,0.5,1000,800,0.7,0.0176517368471067,3.894562157451312e-05,0.0354973049998079,0,30,15,240,240,,
nn_linear,[],linear,3,5,2,0.5,1000,800,0.7,0.1363143102515046,0.0010546782511625,8.752410163000604,94208,40,40,320,160,109.2,0.0
nn_32_relu,[32],ReLU,3,5,2,0.5,1000,800,0.7,0.0211228900218751,0.0001369078856296,2.842324090999682,0,970,970,7760,3880,57.8,0.0
mle,,,4,5,2,0.5,1000,800,0.7,0.0138534601918979,4.4970536287483366e-05,0.0328449169992381,0,30,15,240,240,,
nn_linear,[],linear,4,5,2,0.5,1000,800,0.7,0.0730014074559316,0.0017160530585811,8.243429014999492,77824,40,40,320,160,149.0,0.4
nn_32_relu,[32],ReLU,4,5,2,0.5,1000,800,0.7,0.0347035531324608,0.0001667706895646,11.1486189139996,12288,970,970,7760,3880,72.0,0.0
mle,,,5,5,2,0.5,1000,800,0.7,0.0743401671415366,0.010069866694385,0.0337248870000621,0,30,15,240,240,,
nn_linear,[],linear,5,5,2,0.5,1000,800,0.7,0.0427975819933476,0.0007516948131664,11.250790093999967,12288,40,40,320,160,187.0,0.8
nn_32_relu,[32],ReLU,5,5,2,0.5,1000,800,0.7,0.0103974065580695,0.0005001142989164,11.065254048000496,12288,970,970,7760,3880,93.4,0.0
mle,,,1,5,4,0.5,1000,800,1.0,0.0491941505614521,0.0027580617949563,0.0304185449986107,4096,62,31,496,496,,
nn_linear,[],linear,1,5,4,0.5,1000,800,1.0,0.0677925088782153,0.0014364646372409,9.536319537000963,4096,52,52,416,208,166.4,0.6
nn_32_relu,[32],ReLU,1,5,4,0.5,1000,800,1.0,0.025536044890808,0.0006026240075346,8.121062137999616,20480,1162,1162,9296,4648,84.4,0.2
mle,,,2,5,4,0.5,1000,800,1.0,0.0392895525228386,0.0008249827532127,0.0177461970015428,0,62,31,496,496,,
nn_linear,[],linear,2,5,4,0.5,1000,800,1.0,0.1669689000542076,0.0033257432845947,6.136261302001003,12288,52,52,416,208,177.6,0.6
nn_32_relu,[32],ReLU,2,5,4,0.5,1000,800,1.0,0.0161393638262832,0.0006688460874581,4.173941921999358,0,1162,1162,9296,4648,108.8,0.2
mle,,,3,5,4,0.5,1000,800,1.0,0.0337909631499737,0.0035297306560143,0.0346052209988556,8192,62,31,496,496,,
nn_linear,[],linear,3,5,4,0.5,1000,800,1.0,0.14147628189285,0.0025725260121682,8.167679869000494,12288,52,52,416,208,176.8,0.6
nn_32_relu,[32],ReLU,3,5,4,0.5,1000,800,1.0,0.0124340045872474,0.0003487318533948,4.930098095001085,4096,1162,1162,9296,4648,125.4,0.4
mle,,,4,5,4,0.5,1000,800,1.0,0.0734296154874713,0.0032610241019395,0.0175198069991893,0,62,31,496,496,,
nn_linear,[],linear,4,5,4,0.5,1000,800,1.0,0.1951230957131893,0.0045561893477783,4.185299380998913,12288,52,52,416,208,168.4,0.6
nn_32_relu,[32],ReLU,4,5,4,0.5,1000,800,1.0,0.0319985650606583,0.0010666681171072,5.542919080000502,8192,1162,1162,9296,4648,102.0,0.0
mle,,,5,5,4,0.5,1000,800,1.0,0.0859783765908708,0.0052681078412669,0.0213119569998525,8192,62,31,496,496,,
nn_linear,[],linear,5,5,4,0.5,1000,800,1.0,0.1658337553636959,0.0023119906732663,11.713358659000733,20480,52,52,416,208,139.4,0.0
nn_32_relu,[32],ReLU,5,5,4,0.5,1000,800,1.0,0.0202349590231399,0.0007010885870744,9.987628226001108,8192,1162,1162,9296,4648,86.0,0.0
mle,,,1,5,6,0.5,1000,800,1.0,0.0418097760327818,0.0057061745916897,0.0286864150002656,0,62,31,496,496,,
nn_linear,[],linear,1,5,6,0.5,1000,800,1.0,0.4265409073697543,0.0037924736650927,14.234496527000374,12288,52,52,416,208,172.8,0.6
nn_32_relu,[32],ReLU,1,5,6,0.5,1000,800,1.0,0.0142682601959219,0.0003484114690419,4.274901816999773,12288,1162,1162,9296,4648,110.4,0.2
mle,,,2,5,6,0.5,1000,800,1.0,0.0487263570556585,0.006077128762205,0.0188007619999552,0,62,31,496,496,,
nn_linear,[],linear,2,5,6,0.5,1000,800,1.0,0.3213479543484344,0.0021409874702957,3.5288838840006065,49152,52,52,416,208,95.8,0.2
nn_32_relu,[32],ReLU,2,5,6,0.5,1000,800,1.0,0.0207845672976781,0.0001039126460857,11.773920700999952,-32768,1162,1162,9296,4648,77.4,0.0
mle,,,3,5,6,0.5,1000,800,1.0,0.082179041957665,0.0101854069816307,0.0191956769995158,4096,62,31,496,496,,
nn_linear,[],linear,3,5,6,0.5,1000,800,1.0,0.1486715902231643,0.0034536776736149,16.642423433999284,0,52,52,416,208,176.6,0.8
nn_32_relu,[32],ReLU,3,5,6,0.5,1000,800,1.0,0.0184830300623225,0.0012028100644754,11.176321947999895,8192,1162,1162,9296,4648,104.0,0.2
mle,,,4,5,6,0.5,1000,800,1.0,0.0679528588215075,0.0048564606557285,0.0421346820003236,4096,62,31,496,496,,
nn_linear,[],linear,4,5,6,0.5,1000,800,1.0,0.2242467035660292,0.0053103775059601,5.373648667999078,12288,52,52,416,208,164.2,0.8
nn_32_relu,[32],ReLU,4,5,6,0.5,1000,800,1.0,0.0251536429950699,0.0006014351892783,14.856927443999666,0,1162,1162,9296,4648,114.0,0.4
mle,,,5,5,6,0.5,1000,800,1.0,0.1437359399748864,0.0025384693250219,0.0427339479992951,0,62,31,496,496,,
nn_linear,[],linear,5,5,6,0.5,1000,800,1.0,0.1486640563056015,0.0019974858758522,9.637796045000869,16384,52,52,416,208,182.4,0.8
nn_32_relu,[32],ReLU,5,5,6,0.5,1000,800,1.0,0.0246337590329243,0.0018254206901356,9.559197608999966,0,1162,1162,9296,4648,96.2,0.0
mle,,,1,5,10,0.5,1000,800,1.0,0.0977432145604474,0.0070622492906219,0.0254012530003819,4096,62,31,496,496,,
nn_linear,[],linear,1,5,10,0.5,1000,800,1.0,0.1802523268359565,0.0037658576207274,5.078052093000224,12288,52,52,416,208,121.8,0.2
nn_32_relu,[32],ReLU,1,5,10,0.5,1000,800,1.0,0.0176534721506482,0.0006090121261224,4.785301400999742,-4096,1162,1162,9296,4648,81.2,0.0
mle,,,2,5,10,0.5,1000,800,1.0,0.1450359405420584,0.0108449643483288,0.031980575999114,4096,62,31,496,496,,
nn_linear,[],linear,2,5,10,0.5,1000,800,1.0,0.1088232839004565,0.003020653616487,6.046901865000109,12288,52,52,416,208,157.4,0.4
nn_32_relu,[32],ReLU,2,5,10,0.5,1000,800,1.0,0.0201961601657523,0.0011309125818151,4.216050728000482,-4096,1162,1162,9296,4648,90.4,0.0
mle,,,3,5,10,0.5,1000,800,1.0,0.0951966417470702,0.0047692603905178,0.0177714599994942,4096,62,31,496,496,,
nn_linear,[],linear,3,5,10,0.5,1000,800,1.0,0.2478271586129515,0.0040988402458801,8.574244071000066,12288,52,52,416,208,178.8,0.6
nn_32_relu,[32],ReLU,3,5,10,0.5,1000,800,1.0,0.0291962394920499,0.0011561779013576,8.79160796799988,-12288,1162,1162,9296,4648,94.4,0.0
mle,,,4,5,10,0.5,1000,800,1.0,0.1266508251927495,0.0140278134360354,0.0257855299987568,0,62,31,496,496,,
nn_linear,[],linear,4,5,10,0.5,1000,800,1.0,0.5017964881811776,0.003694220574627,6.481614729000285,0,52,52,416,208,101.0,0.2
nn_32_relu,[32],ReLU,4,5,10,0.5,1000,800,1.0,0.0233594672741092,0.0007044568696042,5.256892205999975,0,1162,1162,9296,4648,92.6,0.0
mle,,,5,5,10,0.5,1000,800,1.0,0.0965707288881567,0.0071706787497889,0.0331801219999761,0,62,31,496,496,,
nn_linear,[],linear,5,5,10,0.5,1000,800,1.0,0.1069462935286557,0.0029708705254362,9.61942487000124,16384,52,52,416,208,200.0,1.0
nn_32_relu,[32],ReLU,5,5,10,0.5,1000,800,1.0,0.0158760674279467,0.000932809785307,5.904246978001538,-4096,1162,1162,9296,4648,128.2,0.2
mle,,,1,10,2,0.5,1000,800,0.3777777777777777,0.1421978155332704,0.0037841418817892,0.039167830000224,-4968448,70,35,560,560,,
nn_linear,[],linear,1,10,2,0.5,1000,800,0.3777777777777777,0.1051883083864214,0.0027549904302641,16.092128270000103,24576,90,90,720,360,187.2,0.7
nn_32_relu,[32],ReLU,1,10,2,0.5,1000,800,0.3777777777777777,0.029477893367027,0.001235406483401,6.500770427999669,131072,2100,2100,16800,8400,68.4,0.0
mle,,,2,10,2,0.5,1000,800,0.3777777777777777,0.1001611314434627,0.0045280748158735,0.036245074999897,8192,70,35,560,560,,
nn_linear,[],linear,2,10,2,0.5,1000,800,0.3777777777777777,0.4322577580270129,0.0094900458001215,12.63389167599962,4096,90,90,720,360,159.3,0.4
nn_32_relu,[32],ReLU,2,10,2,0.5,1000,800,0.3777777777777777,0.0232838710230446,0.0003346719097754,25.66903275699952,49152,2100,2100,16800,8400,124.2,0.2
mle,,,3,10,2,0.5,1000,800,0.3777777777777777,0.0631493523098523,0.0036164696952233,0.0498820080010773,4096,70,35,560,560,,
nn_linear,[],linear,3,10,2,0.5,1000,800,0.3777777777777777,0.1477224681010452,0.003585055437303,25.6725124780005,0,90,90,720,360,160.5,0.4
nn_32_relu,[32],ReLU,3,10,2,0.5,1000,800,0.3777777777777777,0.033779705620379,0.0005570633048397,25.485340646000623,32768,2100,2100,16800,8400,107.7,0.2
mle,,,4,10,2,0.5,1000,800,0.3777777777777777,0.0353936207358649,0.0037586914987488,0.0359583739991649,0,70,35,560,560,,
nn_linear,[],linear,4,10,2,0.5,1000,800,0.3777777777777777,0.2045361684671851,0.0019198369017126,31.98161641400111,8192,90,90,720,360,191.9,0.8
nn_32_relu,[32],ReLU,4,10,2,0.5,1000,800,0.3777777777777777,0.0161048130756582,0.0002140855578396,20.100932794999608,32768,2100,2100,16800,8400,126.1,0.2
mle,,,5,10,2,0.5,1000,800,0.3777777777777777,0.0505713278987228,0.0043932622613264,0.0352957890008838,0,70,35,560,560,,
nn_linear,[],linear,5,10,2,0.5,1000,800,0.3777777777777777,0.1254365272929856,0.0022616019208988,23.117220289001125,12288,90,90,720,360,182.3,0.7
nn_32_relu,[32],ReLU,5,10,2,0.5,1000,800,0.3777777777777777,0.0348731414979041,0.0002246265978435,11.128298641000583,20480,2100,2100,16800,8400,117.1,0.1
mle,,,1,10,4,0.5,1000,800,0.6666666666666666,0.2656317629029344,0.0106368334813527,0.0570219900000665,8192,222,111,1776,1776,,
nn_linear,[],linear,1,10,4,0.5,1000,800,0.6666666666666666,0.9185663075725272,0.0068333971172828,21.063584266999896,16384,142,142,1136,568,146.0,0.2
nn_32_relu,[32],ReLU,1,10,4,0.5,1000,800,0.6666666666666666,0.0673009019017039,0.0013971383372194,27.669501136999315,40960,2932,2932,23456,11728,123.0,0.2
mle,,,2,10,4,0.5,1000,800,0.6666666666666666,0.3197871124901857,0.0129140563004525,0.0647771340009057,12288,222,111,1776,1776,,
nn_linear,[],linear,2,10,4,0.5,1000,800,0.6666666666666666,1.0505172869758077,0.0082737193871434,17.63197027699971,0,142,142,1136,568,135.1,0.3
nn_32_relu,[32],ReLU,2,10,4,0.5,1000,800,0.6666666666666666,0.0911506768300836,0.0015839813218356,28.94775707500048,32768,2932,2932,23456,11728,114.0,0.2
mle,,,3,10,4,0.5,1000,800,0.6666666666666666,0.2435683301894551,0.0117677768688177,0.0616380179999396,8192,222,111,1776,1776,,
nn_linear,[],linear,3,10,4,0.5,1000,800,0.6666666666666666,0.63457556274242,0.0083514513346518,25.45635355900049,4096,142,142,1136,568,148.9,0.4
nn_32_relu,[32],ReLU,3,10,4,0.5,1000,800,0.6666666666666666,0.0924027438643446,0.0025734589824929,17.170576430999063,40960,2932,2932,23456,11728,110.5,0.1
mle,,,4,10,4,0.5,1000,800,0.6666666666666666,0.5023365703101743,0.0135837917248858,0.0405561160005163,4096,222,111,1776,1776,,
nn_linear,[],linear,4,10,4,0.5,1000,800,0.6666666666666666,1.2778794420276427,0.0106132898933976,15.23064228899966,0,142,142,1136,568,128.6,0.2
nn_32_relu,[32],ReLU,4,10,4,0.5,1000,800,0.6666666666666666,0.1090124662112346,0.0014318364923941,28.172387437,-110592,2932,2932,23456,11728,122.5,0.1
mle,,,5,10,4,0.5,1000,800,0.6666666666666666,0.763587055815035,0.029427199217425,0.0420776970004226,4096,222,111,1776,1776,,
nn_linear,[],linear,5,10,4,0.5,1000,800,0.6666666666666666,0.6884987702041117,0.0076948101687196,27.84612068199931,0,142,142,1136,568,170.8,0.6
nn_32_relu,[32],ReLU,5,10,4,0.5,1000,800,0.6666666666666666,0.1286602215032405,0.0039491276968032,13.50639228,-9306112,2932,2932,23456,11728,91.5,0.0
mle,,,1,10,6,0.5,1000,800,0.8666666666666667,0.7602175742288575,0.0293813732946905,0.061303175998546,61440,638,319,5104,5104,,
nn_linear,[],linear,1,10,6,0.5,1000,800,0.8666666666666667,1.2485516151161762,0.0106284454180756,17.357460084000195,12288,178,178,1424,712,131.5,0.2
nn_32_relu,[32],ReLU,1,10,6,0.5,1000,800,0.8666666666666667,0.1496938122845509,0.0029271880969615,16.857596452000507,-12288,3508,3508,28064,14032,141.9,0.2
mle,,,2,10,6,0.5,1000,800,0.8666666666666667,1.4244953227921082,0.0354273327876112,0.071852935001516,0,638,319,5104,5104,,
nn_linear,[],linear,2,10,6,0.5,1000,800,0.8666666666666667,0.9179368992473336,0.0079396783929075,16.215181036001013,12288,178,178,1424,712,167.8,0.6
nn_32_relu,[32],ReLU,2,10,6,0.5,1000,800,0.8666666666666667,0.171962106173943,0.0043372534404031,29.68401081099909,-12288,3508,3508,28064,14032,121.1,0.1
mle,,,3,10,6,0.5,1000,800,0.8666666666666667,1.327855726679413,0.0440079437341659,0.0628332030009914,0,638,319,5104,5104,,
nn_linear,[],linear,3,10,6,0.5,1000,800,0.8666666666666667,1.111532786127219,0.0072526208986925,18.77733899699888,12288,178,178,1424,712,166.7,0.5
nn_32_relu,[32],ReLU,3,10,6,0.5,1000,800,0.8666666666666667,0.2011653862016945,0.0050117604988918,12.262153798001236,-12288,3508,3508,28064,14032,121.6,0.2
mle,,,4,10,6,0.5,1000,800,0.8666666666666667,2.0486708610341777,0.0476244457085581,0.0705923440000333,0,638,319,5104,5104,,
nn_linear,[],linear,4,10,6,0.5,1000,800,0.8666666666666667,1.506318349340786,0.0084099647311396,15.370895309000844,0,178,178,1424,712,109.7,0.1
nn_32_relu,[32],ReLU,4,10,6,0.5,1000,800,0.8666666666666667,0.2746482612581557,0.0054635259188563,30.48405672300032,0,3508,3508,28064,14032,115.2,0.2
mle,,,5,10,6,0.5,1000,800,0.8666666666666667,1.0872740252263084,0.0309964259846145,0.0599460719986382,0,638,319,5104,5104,,
nn_linear,[],linear,5,10,6,0.5,1000,800,0.8666666666666667,1.4030283087316882,0.0069647676272169,12.121627197000636,12288,178,178,1424,712,128.3,0.3
nn_32_relu,[32],ReLU,5,10,6,0.5,1000,800,0.8666666666666667,0.1688508073323667,0.0049544059015386,14.2521630680003,-12288,3508,3508,28064,14032,143.6,0.4
mle,,,1,10,10,0.5,1000,800,1.0,1.7984536553974733,0.046976258582091,0.0659835070000554,4096,2046,1023,16368,16368,,
nn_linear,[],linear,1,10,10,0.5,1000,800,1.0,1.0335413880741249,0.0103576016250997,21.529900088999057,12288,202,202,1616,808,150.8,0.4
nn_32_relu,[32],ReLU,1,10,10,0.5,1000,800,1.0,0.2275578223572766,0.0055562834877902,30.382937850001326,-12288,3892,3892,31136,15568,134.6,0.2
mle,,,2,10,10,0.5,1000,800,1.0,2.1567752059872367,0.0517342079489811,0.0513848080008756,45056,2046,1023,16368,16368,,
nn_linear,[],linear,2,10,10,0.5,1000,800,1.0,1.1152606806939438,0.0105269845657707,20.64598002599996,0,202,202,1616,808,123.1,0.2
nn_32_relu,[32],ReLU,2,10,10,0.5,1000,800,1.0,0.2795405522467462,0.0063750551639009,34.412509261001105,0,3892,3892,31136,15568,139.3,0.4
mle,,,3,10,10,0.5,1000,800,1.0,1.1413548684608883,0.0385437793357182,0.0646301340002537,0,2046,1023,16368,16368,,
nn_linear,[],linear,3,10,10,0.5,1000,800,1.0,0.826560301350828,0.0085799782569265,16.55106066799999,0,202,202,1616,808,117.9,0.4
nn_32_relu,[32],ReLU,3,10,10,0.5,1000,800,1.0,0.2493857948979132,0.0047203721036609,10.809310427999662,0,3892,3892,31136,15568,101.1,0.1
mle,,,4,10,10,0.5,1000,800,1.0,1.83484601967414,0.0384179818569109,0.0701892729994142,0,2046,1023,16368,16368,,
nn_linear,[],linear,4,10,10,0.5,1000,800,1.0,1.1281390169897594,0.0131177369049895,21.63612793900029,12288,202,202,1616,808,155.2,0.4
nn_32_relu,[32],ReLU,4,10,10,0.5,1000,800,1.0,0.265383853282373,0.0048221953991236,32.832781704999434,-12288,3892,3892,31136,15568,120.1,0.2
mle,,,5,10,10,0.5,1000,800,1.0,1.18408514849728,0.0381631648401948,0.0630512560001079,0,2046,1023,16368,16368,,
nn_linear,[],linear,5,10,10,0.5,1000,800,1.0,0.6114439170137373,0.0077397224071096,22.87759206699957,0,202,202,1616,808,149.7,0.5
nn_32_relu,[32],ReLU,5,10,10,0.5,1000,800,1.0,0.2169077801844595,0.0064303393344824,24.54126318100134,0,3892,3892,31136,15568,98.2,0.1
mle,,,1,20,2,0.5,1000,800,0.1947368421052631,0.1440235281627285,0.0024480716577619,0.0947743149990856,0,150,75,1200,1200,,
nn_linear,[],linear,1,20,2,0.5,1000,800,0.1947368421052631,0.7367713835478112,0.0043072505634748,43.55665954899996,12288,190,190,1520,760,178.9,0.55
nn_32_relu,[32],ReLU,1,20,2,0.5,1000,800,0.1947368421052631,0.0587160661532456,0.0001913214871641,45.80650395500015,0,4360,4360,34880,17440,95.95,0.0
mle,,,2,20,2,0.5,1000,800,0.1947368421052631,0.1247138210812471,0.0054910764858111,0.0895003480000014,0,150,75,1200,1200,,
nn_linear,[],linear,2,20,2,0.5,1000,800,0.1947368421052631,0.3064812391421199,0.0060632601875641,27.237345344999994,12288,190,190,1520,760,167.85,0.65
nn_32_relu,[32],ReLU,2,20,2,0.5,1000,800,0.1947368421052631,0.0587452097443202,0.0006038152771442,39.71736896699986,-8192,4360,4360,34880,17440,93.7,0.05
mle,,,3,20,2,0.5,1000,800,0.1947368421052631,0.1833746299145627,0.0122939972907583,0.1308003499998449,0,150,75,1200,1200,,
nn_linear,[],linear,3,20,2,0.5,1000,800,0.1947368421052631,0.9127676227054726,0.0047541819575544,37.84061891700003,12288,190,190,1520,760,163.45,0.45
nn_32_relu,[32],ReLU,3,20,2,0.5,1000,800,0.1947368421052631,0.0463467505137088,0.0007924074122598,41.45774247300142,-12288,4360,4360,34880,17440,88.6,0.0
mle,,,4,20,2,0.5,1000,800,0.1947368421052631,0.0750677382278912,0.0010122852751619,0.2322388609991321,0,150,75,1200,1200,,
nn_linear,[],linear,4,20,2,0.5,1000,800,0.1947368421052631,0.3616412460695933,0.0055355240663729,45.89818614599972,0,190,190,1520,760,175.35,0.75
nn_32_relu,[32],ReLU,4,20,2,0.5,1000,800,0.1947368421052631,0.0584517793303348,0.0013349708909281,41.329087186000834,0,4360,4360,34880,17440,97.6,0.05
mle,,,5,20,2,0.5,1000,800,0.1947368421052631,0.1330558287716201,0.0102815668162796,0.1170315149993257,0,150,75,1200,1200,,
nn_linear,[],linear,5,20,2,0.5,1000,800,0.1947368421052631,0.7357274093428537,0.0118819462725149,57.14491684900168,12288,190,190,1520,760,173.8,0.7
nn_32_relu,[32],ReLU,5,20,2,0.5,1000,800,0.1947368421052631,0.0520012638440524,0.0026240369078396,31.702715921001072,-12288,4360,4360,34880,17440,105.6,0.1
mle,,,1,20,4,0.5,1000,800,0.3684210526315789,0.9569455483514993,0.0293396347998023,0.1143187990001024,0,542,271,4336,4336,,
nn_linear,[],linear,1,20,4,0.5,1000,800,0.3684210526315789,1.4089931428961675,0.0119652552166076,25.13590517500052,12288,322,322,2576,1288,147.35,0.35
nn_32_relu,[32],ReLU,1,20,4,0.5,1000,800,0.3684210526315789,0.1549742513899714,0.0038510341063793,50.440887899998415,-12288,6472,6472,51776,25888,120.0,0.15
mle,,,2,20,4,0.5,1000,800,0.3684210526315789,1.4118739011101564,0.0373175370850393,0.1124059930007206,0,542,271,4336,4336,,
nn_linear,[],linear,2,20,4,0.5,1000,800,0.3684210526315789,2.0124142307903603,0.0154543167446125,31.436808607000785,12288,322,322,2576,1288,155.0,0.4
nn_32_relu,[32],ReLU,2,20,4,0.5,1000,800,0.3684210526315789,0.2115148011407021,0.0042695029652109,39.76208584300002,4096,6472,6472,51776,25888,139.5,0.2
mle,,,3,20,4,0.5,1000,800,0.3684210526315789,0.7865723977637284,0.0180718765039701,0.1108211759983532,8192,542,271,4336,4336,,
nn_linear,[],linear,3,20,4,0.5,1000,800,0.3684210526315789,1.0313223707405836,0.0113479298004191,42.23795056699964,12288,322,322,2576,1288,154.45,0.4
nn_32_relu,[32],ReLU,3,20,4,0.5,1000,800,0.3684210526315789,0.214499904199919,0.004425436680417,37.86642154899892,90112,6472,6472,51776,25888,104.65,0.1
mle,,,4,20,4,0.5,1000,800,0.3684210526315789,1.1414594028372012,0.038084837274406,0.12912076000066,40960,542,271,4336,4336,,
nn_linear,[],linear,4,20,4,0.5,1000,800,0.3684210526315789,1.4102120587222269,0.0163287384267825,26.1968343059998,36864,322,322,2576,1288,159.5,0.45
nn_32_relu,[32],ReLU,4,20,4,0.5,1000,800,0.3684210526315789,0.1981939035584738,0.0043374536792401,26.82267189199956,86016,6472,6472,51776,25888,132.5,0.25
mle,,,5,20,4,0.5,1000,800,0.3684210526315789,1.1590431819348832,0.0383053879658463,0.1119310190006217,40960,542,271,4336,4336,,
nn_linear,[],linear,5,20,4,0.5,1000,800,0.3684210526315789,2.0267406096490275,0.0155002206942699,48.831242639000266,4096,322,322,2576,1288,153.35,0.45
nn_32_relu,[32],ReLU,5,20,4,0.5,1000,800,0.3684210526315789,0.2078240748179876,0.0055183150947883,53.48938888500015,139264,6472,6472,51776,25888,134.2,0.15
mle,,,1,20,6,0.5,1000,800,0.5210526315789473,5.251420872905505,0.0939183299654861,0.1247542950004572,94208,1918,959,15344,15344,,
nn_linear,[],linear,1,20,6,0.5,1000,800,0.5210526315789473,3.16154481660099,0.0202248694391019,33.268814697999915,16384,438,438,3504,1752,124.25,0.35
nn_32_relu,[32],ReLU,1,20,6,0.5,1000,800,0.5210526315789473,0.7250217397344918,0.0139864741849144,81.19003045599857,94208,8328,8328,66624,33312,156.1,0.4
mle,,,2,20,6,0.5,1000,800,0.5210526315789473,3.630454007238885,0.0770780062914263,0.1320763800013082,73728,1918,959,15344,15344,,
nn_linear,[],linear,2,20,6,0.5,1000,800,0.5210526315789473,2.878977009751001,0.0171607450031169,28.108173422999243,20480,438,438,3504,1752,140.55,0.4
nn_32_relu,[32],ReLU,2,20,6,0.5,1000,800,0.5210526315789473,0.6567538178394777,0.011852571943667,64.41802502599967,69632,8328,8328,66624,33312,143.75,0.25
mle,,,3,20,6,0.5,1000,800,0.5210526315789473,5.590021840183924,0.0856699494740923,0.1562667439993674,86016,1918,959,15344,15344,,
nn_linear,[],linear,3,20,6,0.5,1000,800,0.5210526315789473,3.5427472342526483,0.0152006499683306,18.742144281000947,20480,438,438,3504,1752,127.0,0.15
nn_32_relu,[32],ReLU,3,20,6,0.5,1000,800,0.5210526315789473,0.747244067207529,0.009082869120945,34.13351766699998,61440,8328,8328,66624,33312,154.6,0.4
mle,,,4,20,6,0.5,1000,800,0.5210526315789473,4.54421159195936,0.0978574612322955,0.1295199080013844,86016,1918,959,15344,15344,,
nn_linear,[],linear,4,20,6,0.5,1000,800,0.5210526315789473,3.417356362057622,0.0123844358675423,28.269015477999343,8192,438,438,3504,1752,124.55,0.3
nn_32_relu,[32],ReLU,4,20,6,0.5,1000,800,0.5210526315789473,0.6909705541867094,0.0105583304936336,56.59111033000045,102400,8328,8328,66624,33312,156.75,0.4
mle,,,5,20,6,0.5,1000,800,0.5210526315789473,5.468688726231667,0.0779889162942311,0.1286674809998658,86016,1918,959,15344,15344,,
nn_linear,[],linear,5,20,6,0.5,1000,800,0.5210526315789473,3.798357965286024,0.0128080175665905,31.972504757000934,12288,438,438,3504,1752,104.65,0.1
nn_32_relu,[32],ReLU,5,20,6,0.5,1000,800,0.5210526315789473,0.7968468423748731,0.0105571736293424,33.60244882100051,69632,8328,8328,66624,33312,164.85,0.55
mle,,,1,20,10,0.5,1000,800,0.7631578947368421,11.945111822398909,0.1434399562361417,0.2084084199996141,122880,22526,11263,180208,180208,,
nn_linear,[],linear,1,20,10,0.5,1000,800,0.7631578947368421,3.415136224190151,0.0166583769111623,28.894318701000884,8192,622,622,4976,2488,119.35,0.25
nn_32_relu,[32],ReLU,1,20,10,0.5,1000,800,0.7631578947368421,1.5862829727250864,0.0212001663676476,63.03058604299986,143360,11272,11272,90176,45088,131.95,0.05
mle,,,2,20,10,0.5,1000,800,0.7631578947368421,18.090917940231552,0.1496452534931426,0.2028129320005973,135168,22526,11263,180208,180208,,
nn_linear,[],linear,2,20,10,0.5,1000,800,0.7631578947368421,4.084501374689083,0.011440444583279,23.390339348999987,16384,622,622,4976,2488,108.0,0.15
nn_32_relu,[32],ReLU,2,20,10,0.5,1000,800,0.7631578947368421,2.3900596559771365,0.0143778018958304,27.11951692799994,102400,11272,11272,90176,45088,102.25,0.2
mle,,,3,20,10,0.5,1000,800,0.7631578947368421,13.761907500983938,0.1520096613067039,0.2320001349999074,118784,22526,11263,180208,180208,,
nn_linear,[],linear,3,20,10,0.5,1000,800,0.7631578947368421,3.660051988823572,0.0154362122891481,14.812250466999105,28672,622,622,4976,2488,113.2,0.15
nn_32_relu,[32],ReLU,3,20,10,0.5,1000,800,0.7631578947368421,1.931669449766144,0.0216619727471152,67.68008997000106,122880,11272,11272,90176,45088,143.35,0.3
mle,,,4,20,10,0.5,1000,800,0.7631578947368421,16.034291706098923,0.1542402386472127,0.2074733249992277,114688,22526,11263,180208,180208,,
nn_linear,[],linear,4,20,10,0.5,1000,800,0.7631578947368421,3.93796251180041,0.0121158558851187,34.32338639199952,16384,622,622,4976,2488,108.75,0.2
nn_32_relu,[32],ReLU,4,20,10,0.5,1000,800,0.7631578947368421,2.1113083999408824,0.0176588617170073,60.720857416999934,98304,11272,11272,90176,45088,137.25,0.2
mle,,,5,20,10,0.5,1000,800,0.7631578947368421,9.610113029854208,0.1439760189368837,0.2092605760008155,122880,22526,11263,180208,180208,,
nn_linear,[],linear,5,20,10,0.5,1000,800,0.7631578947368421,3.158974519452224,0.0147335507816046,33.46955568000158,12288,622,622,4976,2488,113.15,0.25
nn_32_relu,[32],ReLU,5,20,10,0.5,1000,800,0.7631578947368421,1.5748466371519598,0.0195810863882985,24.209727454999665,114688,11272,11272,90176,45088,107.25,0.1
mle,,,1,30,2,0.5,1000,800,0.1310344827586207,0.1660276403133512,0.0029292718532858,0.1156072449994098,28672,230,115,1840,1840,,
nn_linear,[],linear,1,30,2,0.5,1000,800,0.1310344827586207,1.3694302789622572,0.0082185917260432,58.896322878999854,32768,290,290,2320,1160,154.8,0.4
nn_32_relu,[32],ReLU,1,30,2,0.5,1000,800,0.1310344827586207,0.0930829967772618,0.0006440362278859,27.620728997000697,339968,6620,6620,52960,26480,97.5,0.0666666666666666
mle,,,2,30,2,0.5,1000,800,0.1310344827586207,0.1387349220157508,0.0014006165947847,0.1481279309991805,28672,230,115,1840,1840,,
nn_linear,[],linear,2,30,2,0.5,1000,800,0.1310344827586207,1.1630356740390304,0.0064347707260038,29.225733936000324,40960,290,290,2320,1160,158.0,0.4333333333333333
nn_32_relu,[32],ReLU,2,30,2,0.5,1000,800,0.1310344827586207,0.0705390860105106,0.0004318769178958,27.309289414000887,139264,6620,6620,52960,26480,91.83333333333331,0.0666666666666666
mle,,,3,30,2,0.5,1000,800,0.1310344827586207,0.2778355873606043,0.0071639791776367,0.2010848779991647,40960,230,115,1840,1840,,
nn_linear,[],linear,3,30,2,0.5,1000,800,0.1310344827586207,1.6684492073329174,0.0134541473965701,65.44506337300118,24576,290,290,2320,1160,157.13333333333333,0.4333333333333333
nn_32_relu,[32],ReLU,3,30,2,0.5,1000,800,0.1310344827586207,0.0795835383818533,0.0009961194694255,16.9162003479978,118784,6620,6620,52960,26480,81.66666666666667,0.0
mle,,,4,30,2,0.5,1000,800,0.1310344827586207,0.1404432383823131,0.001280832020264,0.0577205339977808,24576,230,115,1840,1840,,
nn_linear,[],linear,4,30,2,0.5,1000,800,0.1310344827586207,2.0106948984186275,0.0061757005949415,24.14459599100155,12288,290,290,2320,1160,158.1,0.5
nn_32_relu,[32],ReLU,4,30,2,0.5,1000,800,0.1310344827586207,0.0899728032995007,0.0003628162927038,19.002226119002444,135168,6620,6620,52960,26480,88.63333333333334,0.0333333333333333
mle,,,5,30,2,0.5,1000,800,0.1310344827586207,0.3657997129143583,0.0150676293607425,0.0626903500015032,40960,230,115,1840,1840,,
nn_linear,[],linear,5,30,2,0.5,1000,800,0.1310344827586207,1.1968803000687809,0.0132535906620248,15.285906018001697,20480,290,290,2320,1160,154.0,0.4333333333333333
nn_32_relu,[32],ReLU,5,30,2,0.5,1000,800,0.1310344827586207,0.1107247601796238,0.0021374001238043,15.487693912000395,110592,6620,6620,52960,26480,94.6,0.1
mle,,,1,30,4,0.5,1000,800,0.2528735632183908,1.5704630637564505,0.0306140531333652,0.0901459989981958,81920,862,431,6896,6896,,
nn_linear,[],linear,1,30,4,0.5,1000,800,0.2528735632183908,4.508947081491819,0.0197659495110501,12.976581541002815,12288,502,502,4016,2008,133.3,0.3
nn_32_relu,[32],ReLU,1,30,4,0.5,1000,800,0.2528735632183908,0.3612964990765017,0.0033344110363129,22.00365032899936,147456,10012,10012,80096,40048,147.9,0.4
mle,,,2,30,4,0.5,1000,800,0.2528735632183908,1.7817506696754652,0.0379214414850364,0.0745929420008906,86016,862,431,6896,6896,,
nn_linear,[],linear,2,30,4,0.5,1000,800,0.2528735632183908,4.2145253485054575,0.0193966934843016,16.30636636199779,20480,502,502,4016,2008,142.13333333333333,0.3
nn_32_relu,[32],ReLU,2,30,4,0.5,1000,800,0.2528735632183908,0.3638322942457087,0.0037294617848806,54.49235207099992,159744,10012,10012,80096,40048,148.86666666666667,0.3333333333333333
mle,,,3,30,4,0.5,1000,800,0.2528735632183908,1.364225622971052,0.0252417497043186,0.0771419420016172,73728,862,431,6896,6896,,
nn_linear,[],linear,3,30,4,0.5,1000,800,0.2528735632183908,4.049616672128685,0.0180653901965696,22.878741990996787,4096,502,502,4016,2008,149.73333333333332,0.4333333333333333
nn_32_relu,[32],ReLU,3,30,4,0.5,1000,800,0.2528735632183908,0.3584712439002126,0.0038517593817778,33.19200437000109,143360,10012,10012,80096,40048,147.06666666666666,0.3
mle,,,4,30,4,0.5,1000,800,0.2528735632183908,1.17060067145694,0.0244868052815577,0.0796978850012237,86016,862,431,6896,6896,,
nn_linear,[],linear,4,30,4,0.5,1000,800,0.2528735632183908,4.572566564126671,0.0153748420557481,14.01319332500134,49152,502,502,4016,2008,115.1,0.1333333333333333
nn_32_relu,[32],ReLU,4,30,4,0.5,1000,800,0.2528735632183908,0.3996474901303521,0.0044604822801381,24.84904034400097,151552,10012,10012,80096,40048,150.5,0.3666666666666666
mle,,,5,30,4,0.5,1000,800,0.2528735632183908,1.3941139652025565,0.0214383276666592,0.0838876230009191,77824,862,431,6896,6896,,
nn_linear,[],linear,5,30,4,0.5,1000,800,0.2528735632183908,4.544216890717827,0.0163668621849559,17.058317751998402,12288,502,502,4016,2008,129.06666666666666,0.2
nn_32_relu,[32],ReLU,5,30,4,0.5,1000,800,0.2528735632183908,0.3430102368899697,0.0022881670056347,31.874332829000195,167936,10012,10012,80096,40048,152.73333333333332,0.2666666666666666
mle,,,1,30,6,0.5,1000,800,0.3655172413793103,6.958678928527296,0.1229450143037914,0.0937953350003226,143360,3198,1599,25584,25584,,
nn_linear,[],linear,1,30,6,0.5,1000,800,0.3655172413793103,5.3174180405778,0.020024418929618,19.74231096400036,20480,698,698,5584,2792,107.06666666666666,0.2
nn_32_relu,[32],ReLU,1,30,6,0.5,1000,800,0.3655172413793103,1.090881023029911,0.0161413932618975,49.29267637199882,159744,13148,13148,105184,52592,168.96666666666667,0.6
mle,,,2,30,6,0.5,1000,800,0.3655172413793103,8.539552432621052,0.1167378962265956,0.0893761240004096,126976,3198,1599,25584,25584,,
nn_linear,[],linear,2,30,6,0.5,1000,800,0.3655172413793103,5.826955761159383,0.0201621363888899,24.082491922999907,24576,698,698,5584,2792,133.7,0.2333333333333333
nn_32_relu,[32],ReLU,2,30,6,0.5,1000,800,0.3655172413793103,1.1610033699431708,0.0125749823362449,59.480532358000346,135168,13148,13148,105184,52592,174.4,0.6333333333333333
mle,,,3,30,6,0.5,1000,800,0.3655172413793103,7.340461286866224,0.1232188821071652,0.0928295270023227,118784,3198,1599,25584,25584,,
nn_linear,[],linear,3,30,6,0.5,1000,800,0.3655172413793103,5.568698422636282,0.0198115921011763,35.643523439001,0,698,698,5584,2792,144.4,0.2
nn_32_relu,[32],ReLU,3,30,6,0.5,1000,800,0.3655172413793103,1.1729258319076703,0.0155254722032965,47.963785648997145,155648,13148,13148,105184,52592,153.7,0.4333333333333333
mle,,,4,30,6,0.5,1000,800,0.3655172413793103,8.937298675328053,0.1160169494208926,0.1261555960008991,135168,3198,1599,25584,25584,,
nn_linear,[],linear,4,30,6,0.5,1000,800,0.3655172413793103,5.992035638359604,0.0195735388626535,13.136209741998757,4096,698,698,5584,2792,112.33333333333331,0.2333333333333333
nn_32_relu,[32],ReLU,4,30,6,0.5,1000,800,0.3655172413793103,1.360879637415045,0.0148923130819647,35.919157565000205,143360,13148,13148,105184,52592,166.03333333333333,0.5333333333333333
mle,,,5,30,6,0.5,1000,800,0.3655172413793103,8.175405126541213,0.1481966138198772,0.099530510000477,131072,3198,1599,25584,25584,,
nn_linear,[],linear,5,30,6,0.5,1000,800,0.3655172413793103,5.163289983334655,0.0240683497445113,15.176045364001766,12288,698,698,5584,2792,134.86666666666667,0.3666666666666666
nn_32_relu,[32],ReLU,5,30,6,0.5,1000,800,0.3655172413793103,1.1600485510975995,0.0162138561073841,51.72537627700149,126976,13148,13148,105184,52592,142.56666666666666,0.4
mle,,,1,30,10,0.5,1000,800,0.5632183908045977,29.59219807917996,0.2286937793885609,0.1919068110000807,217088,43006,21503,344048,344048,,
nn_linear,[],linear,1,30,10,0.5,1000,800,0.5632183908045977,6.5218571208915295,0.0202107728387086,18.750477683002828,24576,1042,1042,8336,4168,93.46666666666668,0.1
nn_32_relu,[32],ReLU,1,30,10,0.5,1000,800,0.5632183908045977,4.171056126953937,0.0285424977520193,41.13595084400004,196608,18652,18652,149216,74608,110.06666666666666,0.0333333333333333
mle,,,2,30,10,0.5,1000,800,0.5632183908045977,20.512458551848685,0.2140303793986988,0.1944024740005261,188416,43006,21503,344048,344048,,
nn_linear,[],linear,2,30,10,0.5,1000,800,0.5632183908045977,5.203313831277192,0.0235778128256373,17.343135148999863,28672,1042,1042,8336,4168,96.53333333333332,0.1333333333333333
nn_32_relu,[32],ReLU,2,30,10,0.5,1000,800,0.5632183908045977,2.90427391094208,0.0284804354960863,27.433425761999388,163840,18652,18652,149216,74608,134.73333333333332,0.3
mle,,,3,30,10,0.5,1000,800,0.5632183908045977,44.08147435687788,0.2457878298531457,0.1773062249994836,172032,43006,21503,344048,344048,,
nn_linear,[],linear,3,30,10,0.5,1000,800,0.5632183908045977,7.089142878937522,0.0144744704405346,14.241370034000283,16384,1042,1042,8336,4168,87.9,0.0666666666666666
nn_32_relu,[32],ReLU,3,30,10,0.5,1000,800,0.5632183908045977,5.07943180236125,0.0220041292899356,42.78340503700019,147456,18652,18652,149216,74608,116.66666666666669,0.1333333333333333
mle,,,4,30,10,0.5,1000,800,0.5632183908045977,29.06488506910728,0.2213008130735859,0.1892959850010811,217088,43006,21503,344048,344048,,
nn_linear,[],linear,4,30,10,0.5,1000,800,0.5632183908045977,6.795898215585918,0.0159035599386414,22.84088066199911,16384,1042,1042,8336,4168,94.63333333333334,0.1666666666666666
nn_32_relu,[32],ReLU,4,30,10,0.5,1000,800,0.5632183908045977,3.871993520833712,0.0275834787347328,54.44104206599877,155648,18652,18652,149216,74608,147.6,0.4
mle,,,5,30,10,0.5,1000,800,0.5632183908045977,36.64034438589816,0.24627226875337577,0.18186921300002723,184320,43006,21503,344048,344048,,
nn_linear,[],linear,5,30,10,0.5,1000,800,0.5632183908045977,7.086215035886108,0.018357281352448795,10.64903109900115,20480,1042,1042,8336,4168,80.13333333333334,0.03333333333333333
nn_32_relu,[32],ReLU,5,30,10,0.5,1000,800,0.5632183908045977,4.868157461872955,0.025455479651409103,40.300043727998855,180224,18652,18652,149216,74608,111.76666666666667,0.1
