arm,in_degree,dag_idx,n_nodes,sample_size,n_fit,alpha,card,seed,hidden_dims,activation,lr,weight_decay,n_epochs,patience,kl,kl_se,fit_time_s,stored_params,memory_bytes,stop_epoch_mean,frac_at_ceiling
nn_linear,2,1,20,600,480,0.5,2,1040,[],linear,0.001,0.0001,200,20,0.8851813120373666,0.004586532530844717,10.643913199997769,190,1520,172.7,0.65
nn_32,2,1,20,600,480,0.5,2,1040,[32],ReLU,0.001,0.0001,200,20,0.15964013769315957,0.001081593238625974,8.974066700000549,4360,34880,100.85,0.15
nn_64_32,2,1,20,600,480,0.5,2,1040,"[64, 32]",ReLU,0.001,0.0001,200,20,0.09635118893151916,0.0003205978373975605,6.649788000002445,49000,392000,56.55,0.0
nn_128_64,2,1,20,600,480,0.5,2,1040,"[128, 64]",ReLU,0.001,0.0001,200,20,0.1269094950553887,0.0005885603025000253,6.620638799999142,179880,1439040,50.95,0.0
nn_32_nowd,2,1,20,600,480,0.5,2,1040,[32],ReLU,0.001,0.0,200,20,0.14524290058735692,0.0009658390857376238,10.034230299999763,4360,34880,102.5,0.05
nn_32_lr3e3,2,1,20,600,480,0.5,2,1040,[32],ReLU,0.003,0.0001,200,20,0.10887694715957377,0.0005862037402988156,6.085074100003112,4360,34880,65.25,0.0
nn_32_long,2,1,20,600,480,0.5,2,1040,[32],ReLU,0.001,0.0001,1000,50,0.15563404856032698,0.0010518115241389436,15.72536840000248,4360,34880,169.8,0.0
nn_linear,2,1,20,1400,1120,0.5,2,1040,[],linear,0.001,0.0001,200,20,0.7222472755019497,0.004433037989944233,19.815122500000143,190,1520,155.7,0.4
nn_32,2,1,20,1400,1120,0.5,2,1040,[32],ReLU,0.001,0.0001,200,20,0.03980186409432523,0.00019155025718636045,14.916845399999147,4360,34880,78.6,0.0
nn_64_32,2,1,20,1400,1120,0.5,2,1040,"[64, 32]",ReLU,0.001,0.0001,200,20,0.04003528560224282,0.00018883217817519226,12.02492809999967,49000,392000,47.2,0.0
nn_128_64,2,1,20,1400,1120,0.5,2,1040,"[128, 64]",ReLU,0.001,0.0001,200,20,0.03662194590823473,0.00014534191046048622,11.499597599999106,179880,1439040,41.7,0.0
nn_32_nowd,2,1,20,1400,1120,0.5,2,1040,[32],ReLU,0.001,0.0,200,20,0.03837104610956525,0.00017101866382805247,15.227226800001517,4360,34880,82.25,0.05
nn_32_lr3e3,2,1,20,1400,1120,0.5,2,1040,[32],ReLU,0.003,0.0001,200,20,0.03619304507875537,0.00016442274750968155,9.388086599999951,4360,34880,49.2,0.0
nn_32_long,2,1,20,1400,1120,0.5,2,1040,[32],ReLU,0.001,0.0001,1000,50,0.03912614893463851,0.0001740646670509338,25.299298000001727,4360,34880,132.9,0.0
nn_linear,2,2,20,600,480,0.5,2,2040,[],linear,0.001,0.0001,200,20,0.41482679974764425,0.0054282211252433075,10.939467500000319,190,1520,180.25,0.65
nn_32,2,2,20,600,480,0.5,2,2040,[32],ReLU,0.001,0.0001,200,20,0.09194823830507128,0.001016113321131932,8.337884799999301,4360,34880,94.6,0.05
nn_64_32,2,2,20,600,480,0.5,2,2040,"[64, 32]",ReLU,0.001,0.0001,200,20,0.08186183748168308,0.0009024780812150554,7.1997979000007035,49000,392000,61.0,0.0
nn_128_64,2,2,20,600,480,0.5,2,2040,"[128, 64]",ReLU,0.001,0.0001,200,20,0.08701045650620869,0.000997407392045413,5.136474099999759,179880,1439040,40.75,0.0
nn_32_nowd,2,2,20,600,480,0.5,2,2040,[32],ReLU,0.001,0.0,200,20,0.09216532539111445,0.0016378128074632323,8.513606399999844,4360,34880,97.25,0.05
nn_32_lr3e3,2,2,20,600,480,0.5,2,2040,[32],ReLU,0.003,0.0001,200,20,0.09136860299786671,0.0016097783202482436,4.664136700001109,4360,34880,52.95,0.0
nn_32_long,2,2,20,600,480,0.5,2,2040,[32],ReLU,0.001,0.0001,1000,50,0.0810305533746815,0.0008784658001413279,12.689183799997409,4360,34880,145.7,0.0
nn_linear,2,2,20,1400,1120,0.5,2,2040,[],linear,0.001,0.0001,200,20,0.2569486068798859,0.006600071887084719,20.14437160000307,190,1520,155.85,0.4
nn_32,2,2,20,1400,1120,0.5,2,2040,[32],ReLU,0.001,0.0001,200,20,0.050099712786032556,0.0008514816598419958,14.533824499998445,4360,34880,75.75,0.0
nn_64_32,2,2,20,1400,1120,0.5,2,2040,"[64, 32]",ReLU,0.001,0.0001,200,20,0.04646638497074699,0.0006749587898273615,12.511212699999305,49000,392000,49.2,0.0
nn_128_64,2,2,20,1400,1120,0.5,2,2040,"[128, 64]",ReLU,0.001,0.0001,200,20,0.05805737650779797,0.0005626798852205638,10.404875299998821,179880,1439040,37.4,0.0
nn_32_nowd,2,2,20,1400,1120,0.5,2,2040,[32],ReLU,0.001,0.0,200,20,0.051167715092946695,0.0008473604644696101,14.147748299998057,4360,34880,75.75,0.0
nn_32_lr3e3,2,2,20,1400,1120,0.5,2,2040,[32],ReLU,0.003,0.0001,200,20,0.05482110043379922,0.0008708943496862975,8.711605899999995,4360,34880,46.05,0.0
nn_32_long,2,2,20,1400,1120,0.5,2,2040,[32],ReLU,0.001,0.0001,1000,50,0.04323577033581119,0.000637045468471137,25.624499800000194,4360,34880,134.95,0.0
nn_linear,2,3,20,600,480,0.5,2,3040,[],linear,0.001,0.0001,200,20,1.0334286265114125,0.004156288615698345,10.953591599998617,190,1520,181.9,0.55
nn_32,2,3,20,600,480,0.5,2,3040,[32],ReLU,0.001,0.0001,200,20,0.1250200165529053,0.002522337969483571,9.294033899997885,4360,34880,105.55,0.05
nn_64_32,2,3,20,600,480,0.5,2,3040,"[64, 32]",ReLU,0.001,0.0001,200,20,0.12781135684897876,0.002373125409024815,7.2153622999976506,49000,392000,60.75,0.0
nn_128_64,2,3,20,600,480,0.5,2,3040,"[128, 64]",ReLU,0.001,0.0001,200,20,0.12119129504197794,0.002439728046712749,5.650714700001117,179880,1439040,43.45,0.0
nn_32_nowd,2,3,20,600,480,0.5,2,3040,[32],ReLU,0.001,0.0,200,20,0.12981377634674382,0.0028024205163369553,8.845405000000028,4360,34880,101.05,0.0
nn_32_lr3e3,2,3,20,600,480,0.5,2,3040,[32],ReLU,0.003,0.0001,200,20,0.11649569947503988,0.0025253598883528206,4.9229229999982635,4360,34880,55.1,0.0
nn_32_long,2,3,20,600,480,0.5,2,3040,[32],ReLU,0.001,0.0001,1000,50,0.1176556511369894,0.0025451653422349087,16.02790310000273,4360,34880,180.0,0.0
nn_linear,2,3,20,1400,1120,0.5,2,3040,[],linear,0.001,0.0001,200,20,0.8584581575281843,0.004384927573350785,18.380194900000788,190,1520,144.0,0.35
nn_32,2,3,20,1400,1120,0.5,2,3040,[32],ReLU,0.001,0.0001,200,20,0.0528372318234613,0.0009168202323749156,15.753677400000015,4360,34880,81.4,0.05
nn_64_32,2,3,20,1400,1120,0.5,2,3040,"[64, 32]",ReLU,0.001,0.0001,200,20,0.05027663928731597,0.0007538951244532279,12.114170600001671,49000,392000,46.6,0.0
nn_128_64,2,3,20,1400,1120,0.5,2,3040,"[128, 64]",ReLU,0.001,0.0001,200,20,0.04845088887103389,0.0008459639467572179,11.715312100001029,179880,1439040,41.65,0.0
nn_32_nowd,2,3,20,1400,1120,0.5,2,3040,[32],ReLU,0.001,0.0,200,20,0.05258091640873449,0.000875931850174756,15.511345599999913,4360,34880,83.0,0.05
nn_32_lr3e3,2,3,20,1400,1120,0.5,2,3040,[32],ReLU,0.003,0.0001,200,20,0.051998017528320006,0.0009200472055605406,8.34256219999952,4360,34880,43.55,0.0
nn_32_long,2,3,20,1400,1120,0.5,2,3040,[32],ReLU,0.001,0.0001,1000,50,0.05020509959996308,0.0009207152969935371,26.882430000001477,4360,34880,140.6,0.0
nn_linear,2,4,20,600,480,0.5,2,4040,[],linear,0.001,0.0001,200,20,0.5057249371879565,0.005093600057643584,11.338104900001781,190,1520,189.0,0.85
nn_32,2,4,20,600,480,0.5,2,4040,[32],ReLU,0.001,0.0001,200,20,0.12839684589473604,0.0037424880466788036,8.950591100001475,4360,34880,100.7,0.0
nn_64_32,2,4,20,600,480,0.5,2,4040,"[64, 32]",ReLU,0.001,0.0001,200,20,0.09804129273991778,0.00260893362719027,6.549130600000353,49000,392000,55.2,0.0
nn_128_64,2,4,20,600,480,0.5,2,4040,"[128, 64]",ReLU,0.001,0.0001,200,20,0.11296487609110181,0.003125566356697234,5.5399904000005336,179880,1439040,43.25,0.0
nn_32_nowd,2,4,20,600,480,0.5,2,4040,[32],ReLU,0.001,0.0,200,20,0.1335560305753704,0.0037371455875265095,9.013507400002709,4360,34880,103.95,0.0
nn_32_lr3e3,2,4,20,600,480,0.5,2,4040,[32],ReLU,0.003,0.0001,200,20,0.12561104620354768,0.004085870363072459,5.545469199998479,4360,34880,61.3,0.0
nn_32_long,2,4,20,600,480,0.5,2,4040,[32],ReLU,0.001,0.0001,1000,50,0.11937980852027613,0.0034648548197605804,14.755495100002008,4360,34880,167.65,0.0
nn_linear,2,4,20,1400,1120,0.5,2,4040,[],linear,0.001,0.0001,200,20,0.29016768874114585,0.00710383216065545,22.22350649999862,190,1520,172.25,0.6
nn_32,2,4,20,1400,1120,0.5,2,4040,[32],ReLU,0.001,0.0001,200,20,0.03588766321151264,0.0012911343583185211,15.36515750000035,4360,34880,79.85,0.0
nn_64_32,2,4,20,1400,1120,0.5,2,4040,"[64, 32]",ReLU,0.001,0.0001,200,20,0.050425694455121184,0.0010883417897528504,14.221753499998158,49000,392000,56.05,0.0
nn_128_64,2,4,20,1400,1120,0.5,2,4040,"[128, 64]",ReLU,0.001,0.0001,200,20,0.035634588210849395,0.0009709519640018724,11.277858199999173,179880,1439040,40.95,0.0
nn_32_nowd,2,4,20,1400,1120,0.5,2,4040,[32],ReLU,0.001,0.0,200,20,0.033383061528451365,0.0011090515460296592,15.691607500000828,4360,34880,83.4,0.0
nn_32_lr3e3,2,4,20,1400,1120,0.5,2,4040,[32],ReLU,0.003,0.0001,200,20,0.03560033605523545,0.001231900726277364,9.359010500000295,4360,34880,48.2,0.0
nn_32_long,2,4,20,1400,1120,0.5,2,4040,[32],ReLU,0.001,0.0001,1000,50,0.034868584331286194,0.001251254819866628,24.388031300000875,4360,34880,125.3,0.0
nn_linear,2,5,20,600,480,0.5,2,5040,[],linear,0.001,0.0001,200,20,1.1834277559741702,0.009881392874740753,12.141365400002542,190,1520,197.7,0.9
nn_32,2,5,20,600,480,0.5,2,5040,[32],ReLU,0.001,0.0001,200,20,0.11350683667531984,0.0027192902540498433,9.807493799999065,4360,34880,109.3,0.2
nn_64_32,2,5,20,600,480,0.5,2,5040,"[64, 32]",ReLU,0.001,0.0001,200,20,0.10992992729759785,0.0034581563350267984,7.694734400000016,49000,392000,64.2,0.0
nn_128_64,2,5,20,600,480,0.5,2,5040,"[128, 64]",ReLU,0.001,0.0001,200,20,0.1289900477168346,0.003287121754554718,6.529437699999107,179880,1439040,49.4,0.0
nn_32_nowd,2,5,20,600,480,0.5,2,5040,[32],ReLU,0.001,0.0,200,20,0.10773651024271821,0.002819796256490549,9.339056299999356,4360,34880,105.65,0.15
nn_32_lr3e3,2,5,20,600,480,0.5,2,5040,[32],ReLU,0.003,0.0001,200,20,0.11042358379105703,0.003107546472909952,5.629071399998793,4360,34880,61.35,0.05
nn_32_long,2,5,20,600,480,0.5,2,5040,[32],ReLU,0.001,0.0001,1000,50,0.10846168711624429,0.0027421938751336574,17.033176700002514,4360,34880,190.45,0.0
nn_linear,2,5,20,1400,1120,0.5,2,5040,[],linear,0.001,0.0001,200,20,0.6876904375607256,0.013082951927746757,22.601663699999335,190,1520,176.1,0.55
nn_32,2,5,20,1400,1120,0.5,2,5040,[32],ReLU,0.001,0.0001,200,20,0.05079484093345453,0.0018895329061654664,14.70006629999989,4360,34880,76.4,0.0
nn_64_32,2,5,20,1400,1120,0.5,2,5040,"[64, 32]",ReLU,0.001,0.0001,200,20,0.05736931252664033,0.002421859457556867,12.662498300000152,49000,392000,48.7,0.0
nn_128_64,2,5,20,1400,1120,0.5,2,5040,"[128, 64]",ReLU,0.001,0.0001,200,20,0.050909843974726136,0.0018818008520963088,12.917247600002156,179880,1439040,45.25,0.0
nn_32_nowd,2,5,20,1400,1120,0.5,2,5040,[32],ReLU,0.001,0.0,200,20,0.04844096588520874,0.0018609527918225434,14.862116699998296,4360,34880,77.65,0.0
nn_32_lr3e3,2,5,20,1400,1120,0.5,2,5040,[32],ReLU,0.003,0.0001,200,20,0.047857951394794165,0.0020274799736470462,9.10611930000232,4360,34880,46.9,0.0
nn_32_long,2,5,20,1400,1120,0.5,2,5040,[32],ReLU,0.001,0.0001,1000,50,0.0506149265945688,0.00190146121447618,24.49563009999838,4360,34880,127.65,0.0
nn_linear,6,1,20,600,480,0.5,2,1080,[],linear,0.001,0.0001,200,20,3.406790920119689,0.0174882578345542,7.4309064999979455,438,3504,119.0,0.2
nn_32,6,1,20,600,480,0.5,2,1080,[32],ReLU,0.001,0.0001,200,20,1.1369025405247846,0.017520710221456907,12.935341500000504,8328,66624,145.55,0.4
nn_64_32,6,1,20,600,480,0.5,2,1080,"[64, 32]",ReLU,0.001,0.0001,200,20,1.0219544027960616,0.01822374121472257,8.795842299998185,56936,455488,74.3,0.0
nn_128_64,6,1,20,600,480,0.5,2,1080,"[128, 64]",ReLU,0.001,0.0001,200,20,0.9953105787051878,0.018176855267488433,7.276086800000485,195752,1566016,57.4,0.0
nn_32_nowd,6,1,20,600,480,0.5,2,1080,[32],ReLU,0.001,0.0,200,20,1.1627298883290775,0.017096416900754977,12.143031200001133,8328,66624,141.3,0.3
nn_32_lr3e3,6,1,20,600,480,0.5,2,1080,[32],ReLU,0.003,0.0001,200,20,1.0135283205373105,0.019873926026724217,8.012313999999606,8328,66624,89.75,0.0
nn_32_long,6,1,20,600,480,0.5,2,1080,[32],ReLU,0.001,0.0001,1000,50,1.0349453857883075,0.019314527045326282,22.64992970000094,8328,66624,257.45,0.0
nn_linear,6,1,20,1400,1120,0.5,2,1080,[],linear,0.001,0.0001,200,20,3.115615388552183,0.020511603371173307,15.184742400000687,438,3504,114.55,0.1
nn_32,6,1,20,1400,1120,0.5,2,1080,[32],ReLU,0.001,0.0001,200,20,0.5722681479660441,0.011540404971356501,26.092125600000145,8328,66624,134.95,0.25
nn_64_32,6,1,20,1400,1120,0.5,2,1080,"[64, 32]",ReLU,0.001,0.0001,200,20,0.503128866110914,0.010727460548151688,16.735430199998518,56936,455488,64.85,0.0
nn_128_64,6,1,20,1400,1120,0.5,2,1080,"[128, 64]",ReLU,0.001,0.0001,200,20,0.5255079413041176,0.010655450563973904,14.730740200000582,195752,1566016,52.05,0.0
nn_32_nowd,6,1,20,1400,1120,0.5,2,1080,[32],ReLU,0.001,0.0,200,20,0.5803330646434762,0.011640533477924764,24.276820599996427,8328,66624,131.8,0.3
nn_32_lr3e3,6,1,20,1400,1120,0.5,2,1080,[32],ReLU,0.003,0.0001,200,20,0.5944002133270652,0.011794655595182963,14.66201110000111,8328,66624,75.5,0.0
nn_32_long,6,1,20,1400,1120,0.5,2,1080,[32],ReLU,0.001,0.0001,1000,50,0.5347439861702077,0.011493837862005439,44.93029139999999,8328,66624,233.15,0.0
nn_linear,6,2,20,600,480,0.5,2,2080,[],linear,0.001,0.0001,200,20,3.1231138529573403,0.01611669301349176,7.951359499998944,438,3504,131.0,0.4
nn_32,6,2,20,600,480,0.5,2,2080,[32],ReLU,0.001,0.0001,200,20,1.0189326946020527,0.013998789821239992,11.967516900000192,8328,66624,136.3,0.35
nn_64_32,6,2,20,600,480,0.5,2,2080,"[64, 32]",ReLU,0.001,0.0001,200,20,0.8813555006873554,0.014921531655202264,9.076946400000452,56936,455488,77.7,0.0
nn_128_64,6,2,20,600,480,0.5,2,2080,"[128, 64]",ReLU,0.001,0.0001,200,20,0.9335362072735678,0.01493468037914152,7.249281799999153,195752,1566016,56.2,0.0
nn_32_nowd,6,2,20,600,480,0.5,2,2080,[32],ReLU,0.001,0.0,200,20,1.0228855961796723,0.014246245455005628,12.021171599997615,8328,66624,140.15,0.35
nn_32_lr3e3,6,2,20,600,480,0.5,2,2080,[32],ReLU,0.003,0.0001,200,20,0.9581494396349958,0.014331036931073082,6.7360741999982565,8328,66624,74.55,0.0
nn_32_long,6,2,20,600,480,0.5,2,2080,[32],ReLU,0.001,0.0001,1000,50,0.9686370551964048,0.014474970887862528,20.23061719999896,8328,66624,231.85,0.0
nn_linear,6,2,20,1400,1120,0.5,2,2080,[],linear,0.001,0.0001,200,20,2.846591610979188,0.017094518805517333,14.199007999999594,438,3504,107.4,0.15
nn_32,6,2,20,1400,1120,0.5,2,2080,[32],ReLU,0.001,0.0001,200,20,0.4745901054682992,0.010271163501482097,26.336957500003336,8328,66624,136.0,0.3
nn_64_32,6,2,20,1400,1120,0.5,2,2080,"[64, 32]",ReLU,0.001,0.0001,200,20,0.4154973225811834,0.009769274053372065,20.254268600001524,56936,455488,78.2,0.0
nn_128_64,6,2,20,1400,1120,0.5,2,2080,"[128, 64]",ReLU,0.001,0.0001,200,20,0.3979960528683413,0.008638663251905992,16.840018099999725,195752,1566016,60.95,0.0
nn_32_nowd,6,2,20,1400,1120,0.5,2,2080,[32],ReLU,0.001,0.0,200,20,0.5137004237463184,0.011085152984439009,25.594526199998654,8328,66624,139.8,0.35
nn_32_lr3e3,6,2,20,1400,1120,0.5,2,2080,[32],ReLU,0.003,0.0001,200,20,0.4610507282749295,0.00991000259383401,16.139340800000355,8328,66624,84.05,0.0
nn_32_long,6,2,20,1400,1120,0.5,2,2080,[32],ReLU,0.001,0.0001,1000,50,0.441174122335096,0.010507205995345176,54.901048300002,8328,66624,287.9,0.0
nn_linear,6,3,20,600,480,0.5,2,3080,[],linear,0.001,0.0001,200,20,3.5833364214482035,0.015063619596164,8.639036699998542,438,3504,141.4,0.15
nn_32,6,3,20,600,480,0.5,2,3080,[32],ReLU,0.001,0.0001,200,20,1.227366049976434,0.014636709367964757,12.833525199999713,8328,66624,144.8,0.4
nn_64_32,6,3,20,600,480,0.5,2,3080,"[64, 32]",ReLU,0.001,0.0001,200,20,0.9289092684039991,0.011816580930042371,10.169668299997284,56936,455488,85.4,0.05
nn_128_64,6,3,20,600,480,0.5,2,3080,"[128, 64]",ReLU,0.001,0.0001,200,20,0.9175160638474168,0.01201489004936716,9.05550779999976,195752,1566016,70.35,0.0
nn_32_nowd,6,3,20,600,480,0.5,2,3080,[32],ReLU,0.001,0.0,200,20,1.2334554196327634,0.01472284822536465,12.684723800000938,8328,66624,145.5,0.45
nn_32_lr3e3,6,3,20,600,480,0.5,2,3080,[32],ReLU,0.003,0.0001,200,20,1.12396647176361,0.014420497607032194,8.795078600000124,8328,66624,99.45,0.05
nn_32_long,6,3,20,600,480,0.5,2,3080,[32],ReLU,0.001,0.0001,1000,50,1.120579848382384,0.014177118471083034,27.54438830000072,8328,66624,308.15,0.0
nn_linear,6,3,20,1400,1120,0.5,2,3080,[],linear,0.001,0.0001,200,20,3.529584959859831,0.015459688914596217,14.382259800000611,438,3504,110.8,0.05
nn_32,6,3,20,1400,1120,0.5,2,3080,[32],ReLU,0.001,0.0001,200,20,0.5112721401086966,0.006889902330914426,33.9665399000005,8328,66624,177.25,0.55
nn_64_32,6,3,20,1400,1120,0.5,2,3080,"[64, 32]",ReLU,0.001,0.0001,200,20,0.41151404281680043,0.004882881046841448,21.608502099999896,56936,455488,84.2,0.0
nn_128_64,6,3,20,1400,1120,0.5,2,3080,"[128, 64]",ReLU,0.001,0.0001,200,20,0.4124834964857556,0.005248236127880128,17.878911300002073,195752,1566016,64.05,0.0
nn_32_nowd,6,3,20,1400,1120,0.5,2,3080,[32],ReLU,0.001,0.0,200,20,0.5548963600704266,0.007290443742732244,32.16760989999966,8328,66624,173.35,0.6
nn_32_lr3e3,6,3,20,1400,1120,0.5,2,3080,[32],ReLU,0.003,0.0001,200,20,0.47012612555684025,0.006095620272767885,22.31967160000204,8328,66624,117.35,0.1
nn_32_long,6,3,20,1400,1120,0.5,2,3080,[32],ReLU,0.001,0.0001,1000,50,0.399664406433251,0.005656493466573331,69.36232390000077,8328,66624,362.55,0.0
nn_linear,6,4,20,600,480,0.5,2,4080,[],linear,0.001,0.0001,200,20,3.6149645848393694,0.012691377161384805,8.337010700000974,438,3504,136.45,0.2
nn_32,6,4,20,600,480,0.5,2,4080,[32],ReLU,0.001,0.0001,200,20,1.1220595098402195,0.014187525376742442,14.792102600000362,8328,66624,168.0,0.45
nn_64_32,6,4,20,600,480,0.5,2,4080,"[64, 32]",ReLU,0.001,0.0001,200,20,0.9772509526089216,0.01435019460530708,10.917776900001627,56936,455488,91.15,0.05
nn_128_64,6,4,20,600,480,0.5,2,4080,"[128, 64]",ReLU,0.001,0.0001,200,20,0.9450255507229318,0.012930227406709469,7.840158399998472,195752,1566016,62.45,0.0
nn_32_nowd,6,4,20,600,480,0.5,2,4080,[32],ReLU,0.001,0.0,200,20,1.1044282838090542,0.014198347872867048,14.890820399999939,8328,66624,172.5,0.45
nn_32_lr3e3,6,4,20,600,480,0.5,2,4080,[32],ReLU,0.003,0.0001,200,20,0.9942543883717406,0.014300431693523498,9.401773199999298,8328,66624,105.25,0.05
nn_32_long,6,4,20,600,480,0.5,2,4080,[32],ReLU,0.001,0.0001,1000,50,1.0131365144977371,0.014742220148694939,28.69250319999992,8328,66624,326.95,0.0
nn_linear,6,4,20,1400,1120,0.5,2,4080,[],linear,0.001,0.0001,200,20,3.3920273236852103,0.012679353950399945,12.24181999999928,438,3504,90.8,0.0
nn_32,6,4,20,1400,1120,0.5,2,4080,[32],ReLU,0.001,0.0001,200,20,0.540311933188294,0.009659955341444664,28.326150299999426,8328,66624,147.15,0.4
nn_64_32,6,4,20,1400,1120,0.5,2,4080,"[64, 32]",ReLU,0.001,0.0001,200,20,0.40433258480449935,0.008011205223636192,20.410531300000002,56936,455488,79.95,0.0
nn_128_64,6,4,20,1400,1120,0.5,2,4080,"[128, 64]",ReLU,0.001,0.0001,200,20,0.43692790251457064,0.008240130820024382,16.81264849999934,195752,1566016,59.7,0.0
nn_32_nowd,6,4,20,1400,1120,0.5,2,4080,[32],ReLU,0.001,0.0,200,20,0.5283088428604317,0.009230637866933553,26.220541399998183,8328,66624,141.15,0.45
nn_32_lr3e3,6,4,20,1400,1120,0.5,2,4080,[32],ReLU,0.003,0.0001,200,20,0.45747082780649473,0.008844018619299248,17.476343300000735,8328,66624,91.1,0.05
nn_32_long,6,4,20,1400,1120,0.5,2,4080,[32],ReLU,0.001,0.0001,1000,50,0.437960594173109,0.008999343444177948,68.13901160000023,8328,66624,353.75,0.05
nn_linear,6,5,20,600,480,0.5,2,5080,[],linear,0.001,0.0001,200,20,3.847230413853183,0.013499601259239493,8.325309100000595,438,3504,131.35,0.15
nn_32,6,5,20,600,480,0.5,2,5080,[32],ReLU,0.001,0.0001,200,20,1.205622303128206,0.01125118487539951,13.870047200001864,8328,66624,155.15,0.5
nn_64_32,6,5,20,600,480,0.5,2,5080,"[64, 32]",ReLU,0.001,0.0001,200,20,1.0327962273505034,0.011269261339294392,10.303683199999796,56936,455488,86.0,0.0
nn_128_64,6,5,20,600,480,0.5,2,5080,"[128, 64]",ReLU,0.001,0.0001,200,20,1.0577911063221324,0.010856445692177476,8.441211700002896,195752,1566016,66.15,0.0
nn_32_nowd,6,5,20,600,480,0.5,2,5080,[32],ReLU,0.001,0.0,200,20,1.2707554870282776,0.011626281460622308,13.450850899997022,8328,66624,155.05,0.5
nn_32_lr3e3,6,5,20,600,480,0.5,2,5080,[32],ReLU,0.003,0.0001,200,20,1.1291283578841913,0.011188281924524549,9.017940400000953,8328,66624,103.35,0.05
nn_32_long,6,5,20,600,480,0.5,2,5080,[32],ReLU,0.001,0.0001,1000,50,1.0460313403292527,0.010784686104623348,28.952386600001773,8328,66624,320.95,0.0
nn_linear,6,5,20,1400,1120,0.5,2,5080,[],linear,0.001,0.0001,200,20,3.7835263866825435,0.012783990312848912,12.020212399998854,438,3504,89.3,0.05
nn_32,6,5,20,1400,1120,0.5,2,5080,[32],ReLU,0.001,0.0001,200,20,0.6381171085884724,0.00943826747703554,30.337956100000156,8328,66624,156.4,0.6
nn_64_32,6,5,20,1400,1120,0.5,2,5080,"[64, 32]",ReLU,0.001,0.0001,200,20,0.4993922835098667,0.0069986500911109195,23.438220700001693,56936,455488,91.55,0.0
nn_128_64,6,5,20,1400,1120,0.5,2,5080,"[128, 64]",ReLU,0.001,0.0001,200,20,0.4916664228870946,0.0068915879031079515,19.870043399998394,195752,1566016,69.9,0.0
nn_32_nowd,6,5,20,1400,1120,0.5,2,5080,[32],ReLU,0.001,0.0,200,20,0.6327560773824102,0.009362683067663517,29.17999019999843,8328,66624,157.35,0.6
nn_32_lr3e3,6,5,20,1400,1120,0.5,2,5080,[32],ReLU,0.003,0.0001,200,20,0.5646587986094979,0.008199961505674987,19.564262700001564,8328,66624,102.0,0.05
nn_32_long,6,5,20,1400,1120,0.5,2,5080,[32],ReLU,0.001,0.0001,1000,50,0.5365554837116188,0.008321680428163144,73.18020679999972,8328,66624,387.1,0.0
nn_linear,10,1,20,600,480,0.5,2,1120,[],linear,0.001,0.0001,200,20,3.553446695318498,0.01611336129615394,8.46074679999947,622,4976,136.9,0.35
nn_32,10,1,20,600,480,0.5,2,1120,[32],ReLU,0.001,0.0001,200,20,1.9229119030323665,0.01967088060832772,11.350594899999123,11272,90176,130.35,0.25
nn_64_32,10,1,20,600,480,0.5,2,1120,"[64, 32]",ReLU,0.001,0.0001,200,20,1.9592206849449216,0.02208039152355274,8.178087199998117,62824,502592,68.45,0.0
nn_128_64,10,1,20,600,480,0.5,2,1120,"[128, 64]",ReLU,0.001,0.0001,200,20,1.8637358772609047,0.02101886245795215,6.82591820000016,207528,1660224,52.75,0.0
nn_32_nowd,10,1,20,600,480,0.5,2,1120,[32],ReLU,0.001,0.0,200,20,1.8815518185747961,0.020377738241092146,12.375281599997834,11272,90176,141.7,0.15
nn_32_lr3e3,10,1,20,600,480,0.5,2,1120,[32],ReLU,0.003,0.0001,200,20,1.9535771877617336,0.022189783999607943,6.931286899998668,11272,90176,75.95,0.0
nn_32_long,10,1,20,600,480,0.5,2,1120,[32],ReLU,0.001,0.0001,1000,50,1.9204158201516213,0.02173687431899004,19.63816190000216,11272,90176,218.25,0.0
nn_linear,10,1,20,1400,1120,0.5,2,1120,[],linear,0.001,0.0001,200,20,3.3606583905661,0.019159543896975318,15.842528299999685,622,4976,120.4,0.2
nn_32,10,1,20,1400,1120,0.5,2,1120,[32],ReLU,0.001,0.0001,200,20,1.3291050515644471,0.018752077969171443,26.714560500000516,11272,90176,138.75,0.4
nn_64_32,10,1,20,1400,1120,0.5,2,1120,"[64, 32]",ReLU,0.001,0.0001,200,20,1.2617281052318048,0.02097504854686962,18.49258689999988,62824,502592,72.5,0.0
nn_128_64,10,1,20,1400,1120,0.5,2,1120,"[128, 64]",ReLU,0.001,0.0001,200,20,1.2173822168252333,0.019723482127954727,17.494023499999457,207528,1660224,61.95,0.0
nn_32_nowd,10,1,20,1400,1120,0.5,2,1120,[32],ReLU,0.001,0.0,200,20,1.346008519004364,0.01898733923572301,26.508962500000052,11272,90176,142.4,0.45
nn_32_lr3e3,10,1,20,1400,1120,0.5,2,1120,[32],ReLU,0.003,0.0001,200,20,1.3536498090212294,0.02061826264402191,16.80044519999865,11272,90176,87.05,0.0
nn_32_long,10,1,20,1400,1120,0.5,2,1120,[32],ReLU,0.001,0.0001,1000,50,1.297530954401309,0.020886657549844992,52.32405999999901,11272,90176,274.1,0.0
nn_linear,10,2,20,600,480,0.5,2,2120,[],linear,0.001,0.0001,200,20,4.221850785083219,0.010559550836985995,6.358433100002003,622,4976,102.8,0.15
nn_32,10,2,20,600,480,0.5,2,2120,[32],ReLU,0.001,0.0001,200,20,2.759241612595066,0.015002250637669683,11.66140710000036,11272,90176,128.85,0.25
nn_64_32,10,2,20,600,480,0.5,2,2120,"[64, 32]",ReLU,0.001,0.0001,200,20,2.6789988304875254,0.017707779837700673,7.591429099997185,62824,502592,64.25,0.0
nn_128_64,10,2,20,600,480,0.5,2,2120,"[128, 64]",ReLU,0.001,0.0001,200,20,2.6272322707472413,0.016986050204559483,6.301695999998628,207528,1660224,48.1,0.0
nn_32_nowd,10,2,20,600,480,0.5,2,2120,[32],ReLU,0.001,0.0,200,20,2.838934205196209,0.014676052795092247,10.712465100001282,11272,90176,123.9,0.25
nn_32_lr3e3,10,2,20,600,480,0.5,2,2120,[32],ReLU,0.003,0.0001,200,20,2.7177706017116905,0.016038926532224173,6.615486499998951,11272,90176,72.35,0.0
nn_32_long,10,2,20,600,480,0.5,2,2120,[32],ReLU,0.001,0.0001,1000,50,2.734473375268073,0.01616496986567847,17.562440799996693,11272,90176,195.55,0.0
nn_linear,10,2,20,1400,1120,0.5,2,2120,[],linear,0.001,0.0001,200,20,4.057489989455061,0.01084048224302323,10.925676799997746,622,4976,82.0,0.1
nn_32,10,2,20,1400,1120,0.5,2,2120,[32],ReLU,0.001,0.0001,200,20,2.0127781989492615,0.01719928443080125,30.906501400000707,11272,90176,157.1,0.4
nn_64_32,10,2,20,1400,1120,0.5,2,2120,"[64, 32]",ReLU,0.001,0.0001,200,20,1.8546205700992053,0.01874787117563122,20.118511799999396,62824,502592,77.3,0.0
nn_128_64,10,2,20,1400,1120,0.5,2,2120,"[128, 64]",ReLU,0.001,0.0001,200,20,1.849401602528304,0.019734711694483303,18.451848200002132,207528,1660224,65.3,0.0
nn_32_nowd,10,2,20,1400,1120,0.5,2,2120,[32],ReLU,0.001,0.0,200,20,2.0031673444935834,0.01788751166500163,30.72787999999855,11272,90176,166.2,0.5
nn_32_lr3e3,10,2,20,1400,1120,0.5,2,2120,[32],ReLU,0.003,0.0001,200,20,1.9768779472450013,0.01872937700303637,18.365450899997086,11272,90176,95.45,0.0
nn_32_long,10,2,20,1400,1120,0.5,2,2120,[32],ReLU,0.001,0.0001,1000,50,1.9250504724433064,0.019086656813679322,57.10936149999907,11272,90176,296.95,0.0
nn_linear,10,3,20,600,480,0.5,2,3120,[],linear,0.001,0.0001,200,20,3.7155225302460195,0.01623683804028663,7.031220200002281,622,4976,111.65,0.2
nn_32,10,3,20,600,480,0.5,2,3120,[32],ReLU,0.001,0.0001,200,20,2.462033401182152,0.018101547180053357,10.272078499998315,11272,90176,114.85,0.15
nn_64_32,10,3,20,600,480,0.5,2,3120,"[64, 32]",ReLU,0.001,0.0001,200,20,2.3941869819695314,0.02257730990723769,7.75615100000141,62824,502592,63.55,0.0
nn_128_64,10,3,20,600,480,0.5,2,3120,"[128, 64]",ReLU,0.001,0.0001,200,20,2.42261304129529,0.02271286189550065,6.074496999997791,207528,1660224,46.2,0.0
nn_32_nowd,10,3,20,600,480,0.5,2,3120,[32],ReLU,0.001,0.0,200,20,2.4604841696026334,0.01845485261872816,10.403566900000442,11272,90176,119.1,0.25
nn_32_lr3e3,10,3,20,600,480,0.5,2,3120,[32],ReLU,0.003,0.0001,200,20,2.465171953964742,0.022494250574998337,6.386087099999713,11272,90176,69.9,0.0
nn_32_long,10,3,20,600,480,0.5,2,3120,[32],ReLU,0.001,0.0001,1000,50,2.406692639285727,0.020039055499431826,17.543885899998713,11272,90176,194.9,0.0
nn_linear,10,3,20,1400,1120,0.5,2,3120,[],linear,0.001,0.0001,200,20,3.598160098590373,0.016049200411408164,14.638318899997103,622,4976,108.55,0.05
nn_32,10,3,20,1400,1120,0.5,2,3120,[32],ReLU,0.001,0.0001,200,20,1.6892939663812954,0.019516579142946217,26.9230209999987,11272,90176,136.7,0.2
nn_64_32,10,3,20,1400,1120,0.5,2,3120,"[64, 32]",ReLU,0.001,0.0001,200,20,1.591255248604392,0.0222648861265925,17.18464269999822,62824,502592,67.75,0.0
nn_128_64,10,3,20,1400,1120,0.5,2,3120,"[128, 64]",ReLU,0.001,0.0001,200,20,1.563623563921143,0.02183218747286078,15.744500099997822,207528,1660224,54.95,0.0
nn_32_nowd,10,3,20,1400,1120,0.5,2,3120,[32],ReLU,0.001,0.0,200,20,1.7106584039777517,0.01991161537714302,25.748518699998385,11272,90176,139.4,0.2
nn_32_lr3e3,10,3,20,1400,1120,0.5,2,3120,[32],ReLU,0.003,0.0001,200,20,1.7637640141691118,0.021400439648473032,15.138293899999553,11272,90176,77.35,0.0
nn_32_long,10,3,20,1400,1120,0.5,2,3120,[32],ReLU,0.001,0.0001,1000,50,1.6621751276578187,0.02113968514048789,43.8256928999981,11272,90176,226.95,0.0
nn_linear,10,4,20,600,480,0.5,2,4120,[],linear,0.001,0.0001,200,20,4.024942561847045,0.012392851988269648,7.925528600000689,622,4976,124.75,0.3
nn_32,10,4,20,600,480,0.5,2,4120,[32],ReLU,0.001,0.0001,200,20,2.57416960257635,0.019525580253765915,13.068044999999984,11272,90176,145.95,0.2
nn_64_32,10,4,20,600,480,0.5,2,4120,"[64, 32]",ReLU,0.001,0.0001,200,20,2.583176725043279,0.02195039575704356,8.92093290000048,62824,502592,74.8,0.0
nn_128_64,10,4,20,600,480,0.5,2,4120,"[128, 64]",ReLU,0.001,0.0001,200,20,2.545345351273741,0.021660045041540427,7.790523499999836,207528,1660224,58.95,0.0
nn_32_nowd,10,4,20,600,480,0.5,2,4120,[32],ReLU,0.001,0.0,200,20,2.5910005960417366,0.01931446577042693,12.318434500000876,11272,90176,141.3,0.2
nn_32_lr3e3,10,4,20,600,480,0.5,2,4120,[32],ReLU,0.003,0.0001,200,20,2.6593390468814735,0.02340651232337927,7.327834799998527,11272,90176,80.7,0.0
nn_32_long,10,4,20,600,480,0.5,2,4120,[32],ReLU,0.001,0.0001,1000,50,2.580064697491281,0.020816555735545896,22.985183400000096,11272,90176,252.7,0.0
nn_linear,10,4,20,1400,1120,0.5,2,4120,[],linear,0.001,0.0001,200,20,3.9490046333495177,0.010635084049770394,10.86565100000007,622,4976,80.4,0.1
nn_32,10,4,20,1400,1120,0.5,2,4120,[32],ReLU,0.001,0.0001,200,20,1.839707142145728,0.015887315204235843,25.15596110000115,11272,90176,128.05,0.25
nn_64_32,10,4,20,1400,1120,0.5,2,4120,"[64, 32]",ReLU,0.001,0.0001,200,20,1.6769126684573827,0.015954336811794086,18.65289429999757,62824,502592,71.05,0.0
nn_128_64,10,4,20,1400,1120,0.5,2,4120,"[128, 64]",ReLU,0.001,0.0001,200,20,1.4555734178321327,0.01733339186976879,16.67984769999748,207528,1660224,58.7,0.0
nn_32_nowd,10,4,20,1400,1120,0.5,2,4120,[32],ReLU,0.001,0.0,200,20,1.868482463360488,0.016100767412571673,24.716084800002136,11272,90176,130.35,0.3
nn_32_lr3e3,10,4,20,1400,1120,0.5,2,4120,[32],ReLU,0.003,0.0001,200,20,1.7431634321018594,0.01788657802056835,18.802548100000422,11272,90176,97.0,0.0
nn_32_long,10,4,20,1400,1120,0.5,2,4120,[32],ReLU,0.001,0.0001,1000,50,1.7578560177987566,0.01750207954499758,52.44410120000248,11272,90176,273.35,0.0
nn_linear,10,5,20,600,480,0.5,2,5120,[],linear,0.001,0.0001,200,20,3.3612765181775934,0.01705452874287626,7.840373499999259,622,4976,129.35,0.35
nn_32,10,5,20,600,480,0.5,2,5120,[32],ReLU,0.001,0.0001,200,20,1.9180612238070833,0.021304271778785154,10.583951399999933,11272,90176,116.35,0.05
nn_64_32,10,5,20,600,480,0.5,2,5120,"[64, 32]",ReLU,0.001,0.0001,200,20,1.802237328322928,0.022615678138343257,7.413542799997231,62824,502592,60.75,0.0
nn_128_64,10,5,20,600,480,0.5,2,5120,"[128, 64]",ReLU,0.001,0.0001,200,20,1.790014179133236,0.022039803543425843,6.572169000002759,207528,1660224,49.9,0.0
nn_32_nowd,10,5,20,600,480,0.5,2,5120,[32],ReLU,0.001,0.0,200,20,1.8876872877901656,0.020659988607900862,10.39456699999937,11272,90176,118.25,0.1
nn_32_lr3e3,10,5,20,600,480,0.5,2,5120,[32],ReLU,0.003,0.0001,200,20,1.894034222466593,0.02261874247314266,5.630752799999755,11272,90176,60.7,0.0
nn_32_long,10,5,20,600,480,0.5,2,5120,[32],ReLU,0.001,0.0001,1000,50,1.8909295312138406,0.02175144644511998,15.779763999998977,11272,90176,174.35,0.0
nn_linear,10,5,20,1400,1120,0.5,2,5120,[],linear,0.001,0.0001,200,20,3.127871533053306,0.015614577754809643,15.701241800001299,622,4976,118.95,0.25
nn_32,10,5,20,1400,1120,0.5,2,5120,[32],ReLU,0.001,0.0001,200,20,1.3146582251003787,0.018203758919885623,24.84989829999904,11272,90176,126.8,0.15
nn_64_32,10,5,20,1400,1120,0.5,2,5120,"[64, 32]",ReLU,0.001,0.0001,200,20,1.1719610898181152,0.019496802803917267,18.68993550000232,62824,502592,73.0,0.0
nn_128_64,10,5,20,1400,1120,0.5,2,5120,"[128, 64]",ReLU,0.001,0.0001,200,20,1.1716576142293078,0.018915254409298626,14.728495999999723,207528,1660224,51.9,0.0
nn_32_nowd,10,5,20,1400,1120,0.5,2,5120,[32],ReLU,0.001,0.0,200,20,1.2653718212823237,0.01863510266732303,25.41562889999841,11272,90176,136.8,0.2
nn_32_lr3e3,10,5,20,1400,1120,0.5,2,5120,[32],ReLU,0.003,0.0001,200,20,1.2784012110726453,0.020337494572647507,16.121271500000148,11272,90176,83.65,0.0
nn_32_long,10,5,20,1400,1120,0.5,2,5120,[32],ReLU,0.001,0.0001,1000,50,1.249444045275396,0.021031762682039132,44.747150899998815,11272,90176,234.1,0.0
